x1,x2,x3,x4,x5,x6,x7,x8,x9,x10,x11,x12
f,s,26.5718,67.34844358458034,55.73534783445681,3,33.1432,10.3969,0.2220,,10.7287,0
m,d,36.9867,35.92922658896361,53.95554864889396,4,20.2044,17.5688,0.8707,d,,0
f,s,33.4149,39.79807864292271,48.00196847305074,0,23.1969,12.8849,0.2067,a,,0
f,d,24.4685,37.64186226908805,51.13808652059265,2,25.4451,16.4271,0.9186,d,28.3842,0
m,s,29.1070,21.628445855612117,53.03362139443604,1,18.2665,29.0812,0.4884,,16.8185,0
m,m,40.2572,35.13160599237918,50.188982400943544,1,23.0124,13.8663,0.6117,c,,0
f,m,19.8666,54.929857878077144,46.06934719071202,2,22.9947,13.4770,0.7659,d,3.8144,0
f,m,29.8554,25.427137583377622,47.972272644114405,2,12.4717,10.3739,0.5184,c,24.6252,0
f,s,38.3297,53.40949683311783,51.94219969587259,3,29.1059,11.5629,0.2968,a,38.6283,0
f,s,27.6663,58.93481701807544,46.107525534152,3,26.6030,13.4646,0.1877,a,,0
f,s,28.6056,40.816896549479296,52.542454008538755,3,19.2474,15.6852,0.0807,a,37.4132,0
f,m,31.5265,68.75755674010063,30.2477610737469,4,21.9707,18.1416,0.7384,,10.1385,0
m,s,39.4569,66.21610696166226,33.126148096598236,2,26.0318,12.3978,0.4413,b,,0
f,s,28.8055,66.32479474303622,50.90350259865238,5,21.4319,10.3411,0.1583,a,30.8994,0
m,d,29.7801,108.9372589187069,43.57113080650844,0,21.5435,11.6994,0.8799,d,,1
f,s,29.8282,68.6092959581647,45.318523961804786,4,14.2806,22.0172,0.2741,,29.3940,0
f,s,43.0297,93.33205525843039,27.829968757117463,3,26.3275,11.2001,0.4142,b,1.5564,0
f,s,42.9339,24.449948864436337,39.132352883472336,3,23.7433,13.0085,,,,0
f,m,37.0203,40.904470310446726,43.27308785529299,1,24.6468,23.3832,0.6288,c,17.8217,0
f,m,33.9309,37.81665857427911,42.4513726018009,2,13.8409,10.1261,0.5798,c,14.4685,0
f,m,35.6868,31.602431604051603,48.09991804613154,4,32.9042,14.5883,0.5999,c,37.3101,1
m,s,39.4537,40.00553507994228,40.05143594988263,6,23.9260,24.9916,0.2658,a,33.7094,0
f,s,27.3208,64.88277109253808,34.38668694711802,2,20.6772,11.3088,0.2847,a,,0
f,s,37.8791,59.94092785667624,46.19311597478557,4,35.1744,13.9758,0.2536,a,28.4822,0
f,s,25.7306,41.761888351318994,21.823456546177617,5,22.7277,21.9915,0.3276,a,,0
m,s,28.8112,29.00551229398244,40.37611106548816,5,14.2959,10.7146,0.1442,a,5.9189,0
f,s,36.5355,43.0165814916425,10.651803808207996,1,20.5686,13.7055,0.1656,a,,0
f,d,24.8566,57.51364063307523,48.946935653687135,0,9.2701,16.9397,0.9639,d,28.2386,0
f,d,31.2997,80.14276090503174,43.094725732327035,2,29.2964,15.5284,0.9602,d,,0
m,,27.6912,38.1051604094542,38.21446213106533,5,20.5012,13.1532,0.1884,a,,0
m,s,30.7219,30.70918699316466,41.08000551539218,1,18.5447,11.1461,0.0243,,,0
m,s,18.0071,49.258014483460926,33.12733865928536,3,29.4348,13.3742,0.2046,a,,0
m,m,23.1423,21.043414880344596,15.259608086200814,6,13.0935,12.3291,0.6998,d,36.0345,0
m,m,28.5006,57.783601735796125,48.0838598834538,3,26.2126,13.2447,0.7795,d,,0
f,s,36.6373,48.748111952334824,48.34334626222691,4,10.6135,12.2777,0.0229,a,25.4545,0
f,m,31.1318,32.05895505033198,30.695985982020076,2,19.0270,19.0983,0.5777,c,,0
m,s,32.0142,86.39647178679124,30.134680605736335,4,15.7747,17.3191,0.0016,,43.9711,1
f,m,35.4411,26.747471371994244,35.83806495608724,4,31.7719,11.8843,0.5155,c,14.7006,1
f,m,27.6023,48.30172761870966,53.6505217156155,0,33.5970,14.2505,0.6398,c,11.6723,0
f,d,33.4181,26.980086555960753,46.707201312131666,4,21.0235,11.6152,0.9856,d,29.6582,0
f,s,27.9732,38.28129184579545,40.97148551320517,6,28.0444,13.0151,0.2591,a,6.5762,0
f,d,23.3617,89.42446920031632,50.291913140379116,4,21.9201,12.1769,0.8025,d,17.7344,0
f,d,30.0455,88.32661677801616,43.82227806225376,2,26.4084,15.3560,0.8705,,12.5532,0
f,d,34.8690,80.33085359900619,48.22201677398819,4,18.4830,12.3130,0.9227,d,17.8109,0
f,s,33.6929,35.98557357049058,34.87846572336235,1,12.7500,13.0725,0.0022,a,,0
m,s,31.9408,32.29775126992695,51.456181523980206,3,12.1814,16.3528,0.4695,b,13.4391,0
f,d,43.9618,76.79814422704743,39.030479833868164,5,25.2987,12.6636,0.9815,d,29.8096,0
f,s,34.0646,36.405331958111475,39.07185613281957,2,36.4856,21.8449,0.3989,a,35.6911,0
f,d,36.8937,38.21616355410441,24.376747800702322,2,24.6165,10.9950,0.8137,d,29.9056,0
f,m,43.1907,55.73605920302907,51.82946716202301,1,19.8524,16.7569,0.5465,c,28.7957,0
f,m,25.5296,35.99431395800223,41.47417262347481,0,34.4721,12.7441,0.7709,d,27.4739,0
f,s,26.8061,23.273214141881112,43.9761228666914,4,24.4238,12.7796,0.4849,b,25.9515,0
f,s,40.7186,34.1468855475883,45.487523745582166,2,23.6086,15.0308,0.0291,a,10.6878,0
f,s,28.0097,29.432222654239986,52.171272843994934,2,24.5155,13.7002,0.0865,,21.4297,0
f,s,32.1484,119.27139755742748,50.37906249191328,3,22.2057,12.6797,0.1115,a,39.7126,0
f,s,37.3466,35.04583878004854,48.839654294406586,1,21.1431,10.0071,0.2512,a,7.6995,0
m,d,36.4535,71.93513069425661,34.519286581888814,3,14.3902,10.4840,0.9649,d,13.1328,0
m,m,40.7744,29.78453544006102,48.77791150880402,1,26.0097,16.1789,0.6318,c,,0
m,d,39.4782,46.32775688083657,48.578634696802816,3,22.4313,13.7153,0.8167,d,17.2277,0
m,m,37.3470,85.83363522399,47.09288723106788,4,30.1585,15.9563,0.5661,c,33.9562,0
f,m,28.1365,60.632210171079635,57.4846220956325,1,20.7871,25.5578,0.6354,,40.0476,0
m,d,35.9743,60.105935943870236,43.621512286386945,3,11.5618,15.7429,0.8119,,37.7231,0
f,d,33.5714,34.44617374152152,42.19697794115234,4,22.4023,10.2730,0.9267,d,23.2708,0
f,d,25.3687,101.13919945985528,48.533216259654644,3,33.1972,11.8470,0.9126,d,21.9472,0
f,d,39.0865,146.6263413231603,33.4666809314857,0,20.6995,14.4897,0.8248,,,0
f,s,36.0362,36.51117282264866,52.67914378723944,3,17.6609,11.3402,0.0942,a,33.1652,0
f,s,32.2275,28.628689675573607,45.769053129534115,4,15.8384,26.7579,0.3610,a,29.2888,1
f,s,30.8345,38.32010527920026,49.24104649823757,3,16.6999,24.5065,0.0355,a,36.8218,0
m,m,26.0085,53.485869607209885,47.078982028983816,5,21.1988,19.4326,0.5464,,29.3607,0
f,m,32.9976,85.45280047693359,44.44647873466923,3,15.9201,13.1964,0.7961,d,39.1666,0
m,s,34.3422,87.89359680144943,43.511828738122794,5,31.9858,19.2093,0.0511,a,16.0868,0
m,s,27.8442,39.95238735570228,47.902955003758585,1,21.3042,10.7027,0.1887,,,1
m,s,37.8110,18.96637864691604,49.7650590690666,1,23.6519,11.8462,0.3655,a,,0
f,s,26.5140,42.09950499825976,48.26115326132493,4,31.6294,13.1088,0.2443,a,16.6089,0
f,m,21.3845,52.13384866880931,47.39089390922748,3,32.0199,16.7710,0.7951,,38.1444,0
f,s,37.1986,50.577691301117625,38.71844442389481,2,21.7236,13.3260,0.3521,a,14.6312,0
f,m,29.9832,39.76955272490308,50.25531841417503,5,24.9918,10.7360,0.6389,c,21.9353,0
f,s,31.3699,161.25103993147485,51.24653715253689,2,27.4102,12.1044,0.4934,b,4.7696,0
f,m,27.8124,17.061976954372472,45.49797987495638,4,21.8429,11.9610,0.5835,c,6.8896,0
f,d,23.9702,72.47333277238839,50.39789693654244,4,12.3319,11.7864,0.9393,d,37.7822,0
f,d,38.2762,23.325780500685116,42.42616993631123,5,26.9282,10.9046,0.9435,d,17.9365,0
f,s,28.5557,27.59809346211365,42.73115838719876,4,28.3661,12.6799,0.1117,a,26.4730,0
f,d,40.3048,121.34251206358405,56.45014746634118,4,25.4930,12.9721,0.8436,d,29.6681,0
m,s,36.0365,49.211435311514876,17.101411375204822,2,17.4587,17.4561,0.3460,a,19.8218,0
m,s,30.4262,104.72634658862245,50.330953323360525,2,21.8238,17.9578,0.1008,a,19.9048,0
f,s,26.5705,44.46922688077386,58.589652372994266,5,19.4554,13.6948,,,,1
m,m,28.3377,32.66121326618964,41.595202773215135,3,21.2017,13.0868,0.5104,c,34.0673,1
f,d,25.9374,144.74574424794565,53.80558190133858,6,30.7813,17.5302,0.9611,,34.9134,0
m,s,42.4356,43.64872074735855,51.18420746266853,4,32.1775,20.9146,0.3715,a,,0
m,s,32.8222,78.3434661706257,54.20341906764235,4,27.0165,15.6184,0.0124,,33.3944,0
m,d,37.7510,52.39183695283521,47.32625226430941,1,26.2925,18.0592,0.8597,d,26.1723,0
f,s,25.6632,35.73941560260224,47.420353772413144,5,27.0598,23.9935,0.1111,a,34.9142,0
m,s,32.9052,22.030010939798597,49.54919712276763,3,22.9265,10.2075,0.4783,,8.9038,0
m,d,37.8893,92.24095118178839,44.3493922222593,3,22.5460,20.4241,0.8500,d,,1
m,m,30.3249,27.912753935908114,41.870085300049254,3,18.9581,11.6187,0.5147,c,19.3324,0
m,s,37.1556,54.74292080846373,50.114828183506766,2,22.6648,13.2291,0.4466,b,21.9282,0
m,d,26.5772,157.24424921688777,43.6612376746596,5,36.5597,17.9669,0.8005,,,0
f,s,25.1826,31.93543964389143,50.4813428386516,3,28.2142,16.3158,0.0204,a,23.4572,0
f,m,33.8970,26.94174123306553,40.95394698656362,0,20.9473,10.7958,0.5726,c,31.2052,0
f,s,30.1041,31.092607844800305,36.11087172127637,3,20.1684,15.3757,0.4114,b,26.7651,0
f,d,35.2103,57.42445818641478,50.344041561523014,2,17.8131,10.3588,0.9851,d,14.2040,0
m,d,22.1106,120.66804933136262,51.984568592163136,3,25.2462,12.2086,0.8014,d,10.8455,0
m,s,35.5613,21.545894570067237,29.741855973278348,5,25.3493,18.3787,0.0540,a,,0
m,s,44.9915,47.37400040848988,42.749734998247426,2,14.3413,12.7905,0.1905,,21.5560,1
m,s,31.8769,33.78060990577434,49.9694874379033,5,25.9180,14.5796,0.4524,b,,1
f,m,32.1707,46.62702151470169,53.34642004550634,4,19.5832,16.5127,0.7029,d,13.7981,1
f,s,32.8977,17.41252014076942,34.240526414762265,0,31.5603,18.6082,0.3320,a,18.6722,0
f,s,22.6901,85.55818578080402,43.794819004215405,5,23.9411,17.1463,0.3600,a,11.7057,0
m,d,34.1307,46.49903634159859,54.779163161897486,4,33.3064,10.0358,0.9215,d,15.2650,0
m,d,23.9730,31.50871545249672,41.60469866483765,6,20.2512,12.7259,0.9536,d,48.6157,0
f,s,29.8616,96.00942247158378,46.79435911723146,2,21.2721,13.1101,0.4077,,,1
f,d,38.2143,35.821255038268376,34.63965466115672,1,24.7989,10.2855,0.8986,d,24.5464,0
f,s,28.3239,79.00514316951202,46.97282449274929,5,29.3357,13.8983,0.3303,a,,0
f,s,34.5062,160.67966437342554,20.101184739505236,4,26.3953,14.6795,0.0827,a,26.6710,0
f,m,37.0637,33.93720002714398,48.60358323357086,1,15.5989,18.8145,0.5267,c,26.7887,0
m,m,33.3937,27.082028889134723,32.985117388142974,4,24.0974,24.2201,0.6608,c,41.8106,0
m,d,25.1453,25.82569067033308,51.16785727763504,4,23.1335,10.6857,0.8930,d,,0
f,d,30.3376,42.603418748568956,43.04337954014856,5,20.4256,11.3096,0.9652,d,41.1926,0
f,m,41.7971,19.70918967421706,45.05434529578322,4,19.1114,15.3817,0.7699,d,26.0220,0
f,m,21.8748,49.93026203702544,34.95685911762982,1,33.4855,10.7105,0.7591,,11.7207,1
f,m,30.6211,30.666175065269368,49.862425174691886,0,20.6577,11.2685,0.7100,,,0
m,m,29.2395,24.535365510645057,34.097956546099006,0,17.9245,14.2767,0.7016,d,42.3524,0
m,m,32.6037,43.35721406043074,37.73047681026808,0,26.8227,10.9288,0.7673,d,37.0997,0
f,d,35.7411,45.28883892459955,46.67779663480869,2,23.7837,17.6216,0.9743,d,,0
f,s,40.0435,33.38435861493051,57.45248874706905,5,22.5451,19.7237,0.3737,a,25.1838,0
m,s,30.6488,26.43556336872516,42.39905462736583,3,27.6878,10.1713,0.0831,a,30.8737,0
m,s,36.0617,36.48626153001457,41.60006210327775,3,25.9318,13.8033,0.2396,a,20.8233,0
f,s,34.4987,75.92030428729878,26.640905933922113,4,25.1731,17.9715,0.2215,a,26.1198,0
f,s,34.3717,95.03498873685889,42.4217973341508,1,28.7852,28.4724,0.3636,a,48.2082,0
f,d,29.1804,15.048164311825927,19.465788921219097,2,24.7018,11.6028,0.8103,d,43.9595,0
f,s,27.0134,29.81213988607936,50.79600296649156,3,19.2985,10.9262,0.0601,a,32.2095,0
m,s,26.4998,35.2010029547988,47.95344096977467,6,20.8263,20.4657,0.4497,b,7.6133,0
f,d,28.2178,31.44783327391397,40.94508825248715,3,19.8742,21.9945,0.8132,d,,0
m,s,33.6084,21.43790376305833,43.01893566052635,0,24.2583,11.1003,0.2642,a,22.4356,0
f,s,35.8047,33.598773604306345,41.286467190287496,4,16.5321,12.9128,0.0634,,36.2109,0
f,s,33.6173,28.629170472729157,33.67775169476711,2,12.0054,16.3511,0.2421,a,28.6017,0
m,s,29.2552,58.958485845303954,39.53541418534165,4,23.5289,19.3328,0.0851,a,34.5425,0
m,d,41.0299,47.88837053451403,39.98752677054997,3,14.9809,10.9213,0.8078,,,0
f,s,39.5943,47.93282181302675,43.43447812538115,5,11.2881,15.4677,0.1703,a,20.5624,1
f,s,30.2300,77.28342658554871,46.964237929568434,4,25.2400,18.2470,0.1953,a,35.6032,0
m,d,27.8828,27.814079427265895,53.29635449120666,3,18.7337,13.9894,0.8146,d,25.7068,0
f,d,32.6511,82.89654949348049,37.99864952702105,1,25.9768,10.8999,0.8103,d,41.7620,0
m,m,38.3365,81.30613547042755,47.502583307902526,1,19.8149,10.1809,0.5894,c,24.6925,0
f,d,33.6638,78.46665867582132,39.40467579237575,1,16.2682,11.6532,0.9147,d,15.7039,0
m,s,34.7827,90.44458939701066,43.04679123159796,0,15.5389,18.2479,0.0598,a,31.7556,0
m,d,30.9396,71.78448210588896,45.30932560526299,1,19.9104,10.2290,0.9650,,29.9893,0
m,m,34.2814,31.99242123682125,50.227103698154025,2,21.3597,10.0413,0.5710,c,26.1113,0
f,s,39.7227,55.175189096828475,32.21886591923405,4,18.0592,12.2441,0.3025,a,14.7673,0
m,d,30.8017,114.54763470785501,50.28230823371457,3,21.3134,10.3287,0.8257,d,9.8721,1
f,m,32.7165,49.83904717646894,35.419305696795575,0,13.7834,10.8096,0.6594,c,43.6607,0
f,d,33.2691,13.250482664304382,39.56335818883333,1,23.0869,10.1173,0.9865,d,35.9166,0
f,s,33.4186,43.54970063101662,45.77019295175824,6,12.2381,13.7193,0.1075,a,51.1386,1
m,m,,64.96876204344326,39.98154887334109,3,21.8369,15.9651,0.5809,c,16.1693,0
f,s,22.6157,22.890324650200583,47.75614300391885,2,27.1838,12.7848,0.4728,b,8.2232,0
m,m,26.9017,26.98131778507188,33.89510428176451,2,29.5516,10.7226,0.6523,c,23.0885,0
m,s,32.8397,53.83304375005309,56.32361569906782,4,33.2863,12.0125,0.2419,a,28.9203,0
m,s,34.7693,50.19716923303409,41.582211676286846,2,13.6623,14.4622,0.0311,a,30.2031,0
f,m,29.3466,46.82627428568772,47.21889720092319,3,27.5524,24.1225,0.5442,c,4.0677,0
f,s,38.8863,12.010699022249042,41.161533257401345,6,30.2377,34.5029,0.3647,a,14.0823,0
f,d,31.2841,22.348148003136213,44.10694381752838,4,28.8833,11.3827,0.8923,d,30.6018,0
m,s,32.1016,30.760328518254198,24.34668424272816,2,17.4241,10.0532,0.4593,b,12.1817,0
m,s,31.0302,29.253609871584402,33.925492829538406,3,25.4708,18.8787,0.4187,,41.4477,0
m,m,32.6701,68.26692865245874,29.171929501633954,3,34.1603,23.0600,0.6329,c,38.7712,1
f,m,35.5224,49.73642780921692,52.27529464051823,4,14.0164,13.0680,0.5272,c,,0
f,d,35.3283,36.4006192121835,48.716822097446396,2,25.8580,17.3798,0.9612,d,5.1765,0
m,m,27.5079,53.567080191468754,48.636247351188054,0,29.6737,20.0570,0.7890,d,39.9445,0
m,s,39.6183,20.20036732497779,40.13613669041549,1,18.8205,14.7031,0.4967,b,39.0228,0
f,s,26.5249,54.99618315895401,53.12019756667498,3,26.4978,20.3032,0.2111,a,,0
f,m,32.3961,56.5394226778121,42.96565574608665,3,16.5746,10.1210,0.6040,c,20.3627,0
m,m,30.6280,32.95645781752424,52.128415039453316,3,18.1267,11.5845,0.7486,d,49.7059,0
m,m,26.7550,103.72646073894748,40.050192457228604,2,18.0975,11.6232,0.7559,d,30.3657,1
f,d,31.6244,17.682060489617868,39.17314794824361,6,24.1538,10.6428,0.9935,d,,0
f,s,28.2959,51.06715521729893,45.83208937636431,3,22.4541,22.0795,0.2185,a,,1
f,s,32.3645,27.977209978005142,49.53381545124067,3,28.7247,10.1546,0.4256,b,17.5504,0
f,s,34.0154,43.150001360223,45.82332520756474,3,17.3583,15.5823,0.4238,b,,0
f,s,39.3596,26.18039252479435,37.807542818693136,4,22.2123,10.3701,0.3186,a,39.5414,0
m,s,33.5369,34.18468859970773,41.828204454480954,4,28.7665,12.2375,0.3653,a,26.1985,0
f,s,28.9439,109.65694983736596,29.67295834764361,2,26.3647,12.7073,0.4779,b,,0
m,m,30.0419,47.087884791578645,48.80243785667935,1,15.0522,11.0008,0.5421,c,4.1855,0
f,s,32.6999,28.008538145964536,51.08068002726166,3,26.9912,13.6804,0.2652,a,32.5279,0
m,s,32.4673,40.176298143810094,44.8261604489779,4,20.1295,13.8285,0.1344,a,14.0392,0
m,s,39.2979,42.79078460617213,52.17283229392375,2,25.3123,11.9066,0.3019,,,0
f,s,38.9768,48.80594108799136,37.13656058498415,4,24.8041,16.6797,0.1365,a,29.0690,0
m,s,30.2053,72.23905390450122,55.293100066903136,1,30.3159,10.8730,0.3177,a,38.3319,0
m,m,29.2568,58.1707452654493,32.570204738371004,2,23.6994,11.0691,0.6792,c,54.1978,0
m,m,19.2147,60.75859497881058,46.73861733392898,4,11.8772,12.1887,0.6013,c,,0
f,d,29.2554,55.797934743846106,60.311763241654006,2,14.7808,12.3771,0.9972,d,9.8896,0
f,m,27.1097,83.9329713897528,51.27817790356705,4,27.3869,11.1552,0.5609,c,40.9295,0
m,m,30.2259,115.38284382735691,33.60906838761098,3,21.4501,22.5486,0.5487,c,15.0937,0
f,m,33.9579,18.440959036740438,26.6059879545222,5,29.8279,18.8040,0.6423,,,1
f,m,32.8860,23.387463276029056,41.8057810508793,2,24.6406,10.5652,0.7268,,,0
f,m,31.8502,49.031775041388904,42.04501603533548,1,18.5056,12.3061,0.6158,c,15.5477,1
m,m,32.9979,101.87452895325771,38.7318352106728,4,29.4944,11.3242,0.5885,,28.6069,0
f,m,31.3694,55.6790946948947,37.06960632042547,4,18.1556,12.9990,0.6050,c,12.5606,0
m,s,32.9851,80.35353204078919,38.380311094260236,5,10.6842,11.6170,0.3548,,,0
f,m,15.8447,38.56363769968694,55.70672970536509,5,35.3828,13.4838,0.7774,,45.6473,0
f,m,30.6535,14.470517313944281,40.942999521536734,0,11.5355,22.7940,0.6046,c,14.5589,0
f,s,31.4457,39.23651249412315,31.07094476845736,2,26.8185,12.4105,0.3092,a,19.4722,0
m,s,30.2937,57.55243174373513,50.43874636688461,3,28.6331,15.2509,0.2456,a,4.6549,0
f,s,30.9103,35.000759286803834,49.90023046433389,5,23.8824,14.5270,0.0713,a,25.1591,1
f,s,35.5166,50.77259970291482,37.123376511363766,6,12.8996,16.9707,0.3477,,4.7618,1
f,s,29.0095,40.82571329286967,52.50050765092771,3,29.0901,10.3182,0.0128,a,27.1039,0
f,s,43.0035,36.2484186057162,48.070544308302814,5,14.3507,16.8290,0.1656,a,27.6685,0
f,s,35.4415,65.57929150536594,42.19051513029905,4,14.9382,24.6195,0.0604,,24.8711,1
f,s,31.9685,26.260426918716043,47.32772015446663,3,20.8300,14.6261,0.2782,a,,0
f,s,30.9667,33.027405438333815,28.83891284845989,3,27.7310,11.6954,0.3483,a,30.2601,0
f,m,31.5674,58.65031296626661,47.60051209396698,3,24.8007,15.5793,0.5912,c,46.8460,0
f,m,27.4235,34.92812217180117,51.34520045212996,3,27.8646,16.2248,0.7750,d,19.8925,0
m,m,31.5240,42.98961518596031,51.50593671355946,5,20.3381,15.3421,0.6248,c,35.4180,0
f,s,33.3934,23.077857937847405,33.27872748330808,5,21.9669,10.7946,0.1597,a,27.7838,0
m,d,34.8977,123.42345762346434,26.424524101676344,3,16.1772,28.1484,0.8938,d,,0
f,m,34.8984,41.48861068068257,49.428390936868944,6,21.0988,25.5483,0.7306,d,10.6626,0
f,s,30.6256,76.00739091436662,48.05990810403819,2,26.5588,12.7637,0.4978,b,31.8861,1
m,m,24.9196,23.52258383709357,40.41028307201372,1,21.2010,14.5025,0.6436,c,11.8885,0
f,m,28.6545,24.403957676371682,50.73686882002098,1,25.8528,10.2022,0.5095,,,0
f,s,40.0610,36.333292636284185,55.94351296112337,3,19.5604,32.3858,0.1682,a,38.0418,0
f,m,36.4803,80.08368090765205,50.96550162091142,0,19.4457,18.5393,0.6415,c,24.9196,0
f,d,33.8481,42.816654760560716,45.42390898726541,5,23.2350,15.0599,0.9882,d,6.7783,0
f,m,28.1935,118.63591645259535,42.124384391923364,4,21.8307,17.1582,0.7703,,22.9643,0
f,s,32.0182,118.88730429397329,44.856133562825306,0,26.5543,11.0415,0.1815,a,17.7506,0
f,s,25.7217,47.42176862981785,46.96741008485134,2,24.0697,11.8384,0.1198,a,51.4511,1
f,d,29.2403,63.759337194918764,47.25472201270138,2,33.4421,11.4144,0.9303,d,,0
m,d,30.7740,29.873133261919428,52.31859062236365,1,21.6830,14.5323,0.9101,d,10.4446,0
m,m,30.1918,26.661049027024063,51.46117950059062,4,21.6365,10.4820,0.7492,d,19.4656,0
f,m,36.7830,31.74096707846958,36.31631876059724,2,16.7592,21.2981,0.7605,d,,0
m,s,24.9064,40.329046705188155,51.52174810892037,5,23.1367,13.1020,0.1429,a,16.5169,0
f,d,27.6728,45.457064758559866,49.37338480810368,3,27.0970,12.9422,0.8119,d,19.0335,0
f,s,25.1266,133.96876985227348,50.91503645588965,5,18.5582,10.5530,0.1923,a,,0
f,s,25.8132,47.52036423223285,33.98937797496998,4,22.7020,15.7744,0.1547,a,19.0180,0
f,s,32.6203,30.22526513918236,40.71701424464703,5,27.3113,18.4885,0.4071,b,14.6825,0
f,s,23.9978,26.440111753979064,49.39983892705741,3,22.2385,14.9652,0.0004,a,19.1566,0
f,d,35.7693,41.08344022179288,37.90774285924638,3,19.8852,11.3855,0.8455,d,20.4181,0
f,s,30.7659,55.92514514295627,25.507715891138716,4,28.8386,17.6954,0.1611,a,,0
m,m,32.3439,38.25200658804336,45.22716480078558,2,23.5821,10.7872,0.7393,d,11.9635,0
f,m,33.6129,31.565730068401447,38.388754204398616,3,25.3794,18.7803,0.5829,c,,0
f,m,29.8292,27.981610728672248,24.870028714752703,3,30.0284,14.3459,0.7703,,,0
m,m,37.1624,69.50159818419873,55.28289710896651,0,29.8719,11.7080,0.6000,c,,0
f,d,31.0283,45.68973190578275,47.24317553998611,3,20.9168,13.6000,0.9615,d,,0
f,s,34.9704,37.12608773053245,57.813025991572076,3,19.8474,14.9558,0.3798,a,,1
m,s,31.0044,40.77683375257752,51.00438368920554,4,24.7059,11.4960,0.4970,,26.7212,0
f,s,33.4544,38.10728378429951,51.5141026920285,2,22.2033,19.3835,0.3383,a,40.9703,0
m,m,33.3983,36.04152271233089,49.91700372889906,5,11.6008,12.7345,0.7428,d,13.0275,0
f,s,33.2498,52.77965465401921,41.807060788350384,3,30.6522,21.1438,0.3005,a,43.7511,0
f,m,27.1285,48.44207787280011,48.3517885109659,2,23.1162,19.0233,0.7988,d,28.1898,0
f,s,34.1794,48.7337005214268,37.17266314179683,4,27.4183,10.5232,0.0859,a,18.2294,0
f,s,30.4052,66.71099502197464,47.738365292946945,3,15.9625,15.1959,0.2357,a,12.3550,0
m,s,35.1524,46.31147805147215,24.77097937485918,1,30.7292,11.8589,0.4382,b,12.4333,0
f,s,21.2375,50.94680957630827,52.333773697346615,3,19.4704,17.0132,0.1260,,27.6299,0
f,s,24.6744,42.63352624730389,44.78447127305731,4,22.3540,13.9113,0.2030,a,,0
m,d,33.8172,54.880061569098736,48.85992539975882,5,14.5915,13.0587,0.8415,d,21.5675,0
m,s,41.3146,46.48829815157729,34.26559598718041,0,21.9983,21.2865,0.3724,a,13.1080,0
f,s,36.1753,44.343456639950205,47.937516849043384,6,21.6212,10.2948,0.2187,a,17.1777,0
m,d,28.5877,36.27377893054988,53.76519820243254,3,21.8878,14.0745,0.8461,,32.9606,0
m,m,23.5397,32.95146576812279,46.84809975510416,6,25.6310,11.9868,0.5754,c,27.1708,0
f,m,35.7134,31.938649863226075,51.23547090792696,3,23.3621,10.1796,0.6337,c,3.6908,0
m,d,31.5971,35.75825645039933,39.72079377711573,4,28.8547,17.0023,0.8889,d,,0
f,m,34.9535,120.69975773442715,37.67475569459169,3,20.1911,14.1247,0.7140,d,24.3747,0
m,s,32.5765,59.814500698894605,53.72712194871965,4,17.0239,21.2284,0.2651,a,32.6400,0
f,s,32.1482,34.55031439704915,62.496204310915616,2,22.8854,14.5598,0.0097,a,20.7634,0
m,m,46.7931,37.66571659851868,27.084239085837417,3,26.7702,12.0552,0.5495,c,12.9079,0
m,m,31.9694,36.17377931045238,47.355763138102496,4,30.4679,31.0723,0.7075,,35.0621,0
f,,31.2038,27.31212642555469,46.51496481935535,5,27.8835,10.6149,0.8057,d,,0
m,s,31.3928,31.98869379484811,46.89053927969804,4,12.4074,10.2702,0.1907,a,12.3383,0
f,m,29.0823,94.75862164372828,47.500732824004466,4,25.2624,16.5955,0.6342,c,22.4004,0
m,d,36.9507,54.7033783514119,36.493342277786276,5,31.7622,12.3171,0.9386,d,40.5423,0
f,s,30.2312,48.3381343206523,49.52100381574929,2,23.3755,12.2429,0.2582,a,7.2252,0
f,s,35.1797,49.96833501084764,39.71405211595305,4,19.9037,20.4589,0.2925,a,32.6702,0
m,s,33.4230,66.27505295363535,44.65526543570416,3,24.8550,11.9822,0.4256,b,35.5421,0
m,m,38.0949,56.40790451590874,43.25504983732129,3,19.9805,20.9906,0.5712,c,25.6642,0
f,d,34.1009,54.856565641925386,41.747032076145835,3,26.8347,15.1640,0.9901,d,11.5574,0
f,m,25.9331,37.41396992804338,49.61556140903693,3,22.9220,11.9953,0.5882,c,28.7170,0
m,d,25.3676,34.73499023004882,45.03716065554126,2,31.3580,10.3069,0.8879,d,25.9272,0
f,m,39.0418,40.29745966786787,43.72704493051659,4,25.9970,11.4059,0.6562,c,,0
f,s,28.9564,55.0487092870989,56.70107012238893,3,18.6567,27.2751,0.4728,b,15.4736,0
m,s,25.3970,47.17006165570769,50.00908001572618,6,26.6278,12.5982,0.3055,a,24.8914,0
f,s,28.6519,36.40828671115911,23.15988188635381,4,28.6161,10.8720,0.3502,a,,0
m,m,38.3231,48.125328151173065,48.847860510136506,2,19.5893,11.7692,0.7771,,40.9015,0
f,s,24.8989,36.80186827009962,16.321629734988896,3,20.4452,21.4918,0.1775,a,9.6951,0
f,s,27.6675,27.4956237734235,47.754242762800814,2,9.1689,10.9015,0.1379,a,9.4250,1
f,s,28.6660,30.800530392794435,38.052406453403236,4,28.4204,17.5222,0.2130,a,,0
f,m,25.7441,40.8031039723973,50.69057486767596,5,19.4735,10.7243,0.6689,c,30.8072,0
m,s,26.0784,25.740428865705947,41.59167501853668,5,10.2659,26.2717,0.3714,a,33.4253,0
m,s,24.4095,79.27353691341955,54.29501280693885,4,12.3874,13.7773,0.2065,a,28.9206,0
m,s,29.6941,32.91061740485657,57.56219483347944,2,21.6623,10.2206,0.3307,a,8.7748,0
m,s,30.2255,90.28660138739738,51.21467845229161,2,27.5640,23.3650,0.0816,,7.4303,0
f,s,28.5873,48.67780416265886,53.27111397985537,5,22.4656,12.2176,0.4365,b,20.3158,0
m,d,23.7315,39.55790355448149,46.49199363842069,3,25.8307,16.5731,0.8112,d,21.3592,0
m,s,38.2667,23.378779772665062,48.589601798905555,4,16.3910,13.7086,0.4458,b,,0
f,s,25.3546,38.76985795361606,46.24929263146214,3,14.9518,10.4858,0.4473,b,14.9948,0
f,s,,35.19798029513615,48.623770606323916,4,28.3143,10.5606,0.0275,a,15.3742,0
f,s,26.6262,22.608575678837713,37.87144031301236,3,25.9529,10.8080,0.2790,a,,0
m,s,35.3416,107.49056840234915,43.46147339367653,4,22.8169,10.8789,0.0752,a,36.3726,0
f,s,36.7792,22.121381272213405,39.81084256321635,3,30.6926,10.2710,0.0477,a,8.8464,0
f,d,,25.693965876661164,41.11131134140298,3,17.2929,10.2408,0.8636,d,5.6363,0
f,m,22.3814,48.3243981839944,46.52560890720978,2,20.4784,24.8239,0.7143,d,9.8480,0
f,d,35.4789,24.207561758812872,56.771936146400165,1,29.1582,10.4787,0.8304,,27.2917,0
m,s,41.3790,88.88386718866977,48.657139124920455,3,34.0268,13.5500,,a,,1
f,s,34.0785,42.41476179560905,39.63326752761988,1,23.0506,10.6314,0.3653,,,0
m,d,32.8027,39.61555724705816,34.816078338253845,6,33.0771,11.2090,0.9132,d,31.3711,0
m,s,36.0988,117.25793843965928,39.471987336082876,2,19.3849,17.2000,0.4334,b,6.2581,0
m,d,35.8253,42.3870124450551,53.187781700436474,4,24.9785,23.9140,0.9257,d,27.0637,0
f,d,27.8551,19.93167253443289,35.7536118120975,5,21.9571,13.1717,0.9614,,,0
m,s,28.7042,39.55445506327585,56.24967268145013,4,13.4705,10.0283,0.0066,a,14.0116,1
f,s,35.0556,37.93824837218992,38.06402806972082,3,24.5478,45.7066,0.4329,b,,0
m,m,31.2799,37.16415139401955,56.198157887749474,2,28.5965,10.2448,0.5831,c,32.8091,0
f,s,38.5830,21.92798463314273,47.28196889504913,3,22.1104,12.4670,0.3488,a,19.7430,0
f,s,28.4783,51.34775924299747,33.17330829107137,2,22.5773,13.8724,0.3760,a,18.7597,0
m,s,35.7530,50.41069979742595,46.824026018932344,2,31.3576,21.1158,0.3558,a,26.3859,0
f,s,33.7132,96.858235654846,45.589349322025186,3,15.5017,18.6612,0.2310,a,8.5672,0
f,s,31.3678,24.24137133947668,10.787766436873964,2,14.0145,14.7002,0.0260,a,19.0959,0
m,m,37.8796,27.968019966332875,48.187538480867346,5,19.0758,12.5425,0.7312,,,0
f,d,35.4004,75.89359392901021,44.51969174746772,5,15.8203,18.9933,0.9985,d,35.6925,0
f,s,26.9752,75.88417478474241,46.31530079645096,2,31.0777,20.1650,0.0383,a,1.6525,0
f,d,35.2011,45.77509065930439,47.107239526656215,1,24.8581,20.2749,0.8591,d,4.4290,0
f,m,38.8750,70.12121212514644,35.912077935658964,2,17.8154,16.3228,0.5443,c,35.5062,0
f,s,31.3478,77.56900489009261,45.686177384956,3,19.3131,10.5145,0.0195,a,,0
f,s,30.7567,53.09093802333693,38.04623237730412,4,40.1664,11.7732,0.0688,a,35.9055,0
f,m,28.6518,42.06196453263556,54.4651630524703,2,19.3395,13.3269,0.5254,c,32.1586,0
f,s,31.9320,58.78017271218435,38.506709290690225,2,18.4279,13.5165,0.1046,,20.2932,0
f,s,35.4310,44.60088719984198,43.19624112605811,5,24.8258,18.9450,0.2960,a,,0
m,s,27.9117,34.81634758629581,58.522758957051096,3,26.8295,11.3580,0.2748,a,23.0044,1
f,d,25.2682,42.388935459393544,35.38650162528252,3,24.3301,15.4620,0.9706,d,2.3584,0
m,s,30.1213,76.24156106950738,25.72509712932321,2,17.5482,12.3436,0.4697,,20.2748,0
f,s,25.1014,39.52401533949075,34.808122958106075,1,16.0449,17.4690,0.2852,a,44.0994,0
m,d,34.6161,23.975019721790073,46.493548900411994,3,26.5768,11.0894,0.9382,d,30.0976,0
f,d,29.8666,57.80222681664728,42.292231546306944,3,22.6749,13.2373,0.9667,d,,0
m,m,23.2230,49.1256725842667,41.52812910512969,2,13.1514,10.5466,0.7194,d,26.9096,0
f,s,30.2570,38.57633607257134,35.92099243214402,4,30.0260,11.1912,0.1369,a,35.3116,0
m,d,31.0369,35.99702015796754,45.18580078212449,3,27.6520,23.6803,0.8899,d,14.1029,0
m,s,34.2457,39.85725180367333,45.88376060502955,4,21.5543,11.8993,0.4413,b,,0
f,m,31.2732,51.41975255963547,49.34531048051429,1,21.4384,21.1736,0.7861,d,28.4280,0
f,m,41.3436,13.83101134928067,47.8934520076188,4,24.3888,13.7149,0.7215,d,34.0859,1
m,m,29.4065,26.37346102738332,49.87609446990741,2,18.8779,10.1991,0.6532,c,14.5883,0
f,m,31.6880,73.30340289458354,43.27487242362509,3,14.9101,17.8747,0.7670,d,8.6840,0
f,d,31.4854,42.02759729489108,42.204920667615674,4,24.9351,10.2668,0.8118,,12.0146,0
m,s,30.5869,42.459427063538,49.48093128162004,0,14.3655,18.7707,0.4617,b,24.0347,0
f,s,32.7121,41.89345185070317,51.05824537061048,2,25.3444,10.0442,0.4846,b,9.9059,0
m,s,34.7062,77.20239864344282,48.02656542912156,5,14.3528,15.6060,0.0974,a,27.4866,0
f,s,38.7005,47.693506254522546,45.154738349985,4,22.4047,10.9059,0.3709,a,37.5102,0
m,d,24.1537,49.92504088550824,48.712532088167514,3,22.1861,12.0994,0.8861,d,,1
f,s,29.4483,103.18624350596889,53.29096554374365,5,33.6958,25.2617,0.2203,,,0
m,m,29.7611,30.57033535394723,39.31349201940283,5,16.6137,13.3299,0.7489,d,21.0879,0
f,d,36.6893,42.05874316278384,26.147790696814983,4,14.5103,15.3563,0.8066,d,25.7860,0
f,s,30.2167,26.027442775046932,50.332552819898574,5,19.1229,16.7495,0.1966,a,44.2725,0
f,m,22.5241,36.44173440683073,53.47430030179942,1,16.2576,10.5823,0.7646,,33.9244,0
f,m,32.4387,41.168366103442025,50.50670127362469,4,19.4614,19.1254,0.6573,c,24.9950,0
f,d,31.8316,28.96855635154401,42.182296996382824,4,25.5248,22.2624,0.9755,d,36.3439,0
m,s,32.8988,65.22942369200669,22.69037860577234,3,27.6319,10.8446,0.3883,a,24.8509,0
m,m,26.7992,41.40634332263408,42.88469439550823,4,32.9574,13.9509,0.7567,d,39.4059,0
f,d,40.5952,21.84163263124679,39.402982684683685,0,18.5800,11.6669,0.8440,d,14.2198,0
f,s,30.3807,82.87982833461814,41.65728532811518,4,38.8312,16.7478,0.3791,a,15.1172,0
f,s,31.0585,63.27075766758206,21.166199059415145,4,34.8931,10.1434,0.2237,a,37.4778,0
f,s,27.5000,62.435048528749974,32.28616393882168,2,21.7788,13.5928,0.3682,a,,0
m,m,27.3450,14.12547727140679,46.85430779503613,2,9.2515,17.8707,0.6528,c,,0
f,s,25.8863,41.463359804659966,44.47938236289742,4,22.5013,16.6352,0.2574,a,,0
f,d,30.0334,66.80064864869067,48.80619742796256,2,23.4350,10.5725,0.8585,d,36.5745,0
f,s,27.2121,40.84638368820927,9.148305085436872,4,9.2045,18.9470,0.2952,a,9.1696,0
f,m,42.2823,28.6960034434591,55.2695029005242,3,23.4430,11.3580,0.7640,d,36.8570,0
f,s,22.5575,55.824842147467606,43.40463350383009,4,21.7991,18.2458,0.3210,a,19.8271,0
m,m,26.3583,35.38896822152125,40.05135020728928,6,18.2857,13.4371,0.5043,c,22.1865,0
m,d,29.9929,70.79550219020656,46.91318062436466,2,26.7598,10.8767,0.8742,d,38.0647,0
f,s,35.3675,30.137075805555423,35.049171981224276,1,29.0321,16.6221,0.4854,b,,0
f,m,29.9312,31.279401976007,9.199846036938688,5,20.0829,18.2490,0.6242,c,30.7398,0
m,s,35.3798,35.11589717408454,42.597605290582315,3,24.3769,16.0016,0.3428,a,41.5043,0
f,s,27.0660,41.87711086462996,49.824614933375784,6,19.0712,26.7401,0.4686,b,11.8628,0
m,s,32.2965,23.645261508236644,53.75396337700297,4,18.2804,11.4795,0.0614,a,,0
f,m,40.7202,22.017544080923678,36.61606506594112,6,23.4770,11.3444,0.5198,c,30.9347,0
f,,27.1613,29.52561119447003,50.98920920814595,3,26.1405,10.7963,0.4492,b,14.7910,0
f,s,34.0978,55.56037705953528,43.03840350261473,3,19.6202,13.8762,0.2990,a,27.3692,0
f,s,33.0346,38.634845425956065,62.613218780226944,1,9.7180,12.5495,0.1729,a,9.3702,0
f,s,20.7423,33.18708370544129,36.85668718822366,2,26.5147,12.2054,0.3407,a,39.5937,0
m,s,29.0551,46.359012584888866,51.32013739523932,0,13.4207,13.0838,0.2949,a,30.3503,0
f,s,37.6558,87.54882005472146,48.00171491643126,2,23.7320,11.6048,0.3625,a,7.2306,0
m,d,32.6754,52.21511168756634,45.013903150096276,4,33.6742,10.0213,0.8088,d,,0
m,d,25.9387,60.33087956689649,40.390799762365056,0,22.8990,13.1909,0.8956,d,17.2929,0
m,d,35.4539,42.46094882828382,49.350006670717676,2,15.8615,11.6140,0.9150,d,,0
f,s,29.6044,57.470544366146925,26.15362867510336,5,14.2329,12.9872,0.4216,b,11.6672,0
f,d,33.8003,25.62696747813355,37.803541308284444,4,30.0228,23.2166,0.8984,d,17.4583,0
m,m,33.8846,65.07336100467352,34.30483492531764,4,22.8983,10.9862,0.5871,c,26.3914,0
f,d,26.4065,42.75242245967024,35.77036994354278,2,26.2384,15.0734,0.9966,d,,0
f,s,35.9491,75.63072355142728,43.153643968429606,3,28.5578,15.1700,0.1243,a,30.4800,1
m,m,26.9625,60.71987197515083,41.84569418869815,3,22.7060,11.6515,0.7568,d,20.9620,0
f,m,25.4711,26.074129840083657,50.067593775142434,6,21.1484,13.1828,0.5883,c,19.1849,0
m,m,27.5859,90.2593658191168,44.87130327946162,2,17.3159,27.4685,0.5146,c,,0
f,m,30.2695,41.7590251540246,45.41642589145639,2,4.5050,12.0962,0.7582,,13.4997,0
f,d,32.5470,17.608806636747175,41.94254522996758,2,13.8920,16.2300,0.8333,d,39.0146,0
m,d,28.1371,39.030432061230314,50.90548215549359,4,22.5824,19.1698,0.8311,d,10.3003,0
f,s,35.7241,26.709055201986516,48.788003553131105,3,21.9484,12.2368,0.3441,a,20.8389,0
m,s,33.2573,35.466638656215395,15.326125471748776,1,25.4214,32.9831,0.3807,a,,0
f,m,28.5260,46.429399298174374,47.00024666162678,3,22.2399,14.9157,0.5953,c,10.2820,0
m,s,36.4450,54.5270084597175,42.89570662644986,2,23.9561,13.4756,0.0429,a,,0
m,d,37.8053,87.70298572437207,55.74394849252077,4,27.7268,16.2747,0.8147,d,41.0371,1
f,m,31.5066,40.63558333009321,44.243939010228004,2,17.6897,12.7568,0.5860,,,0
f,s,30.9251,36.81188021485566,32.971242924154396,0,21.2771,16.2296,0.4435,b,17.5076,0
f,m,23.1311,86.04456816389755,34.69346499051665,3,13.3567,11.6066,0.6381,c,27.0409,0
f,d,29.9624,48.83666162739316,51.9184662746928,4,28.8374,23.1008,0.9554,,,0
f,d,30.5425,42.17660035632375,48.35485171547195,3,23.2305,13.9040,0.8042,d,24.9193,0
f,m,33.2269,49.048733458647085,45.53735795550473,4,25.9389,11.3830,0.6561,c,34.1799,0
f,s,31.1579,150.23453662459713,30.248406504146374,3,32.2549,12.8741,0.2075,a,28.7888,0
f,d,33.2201,79.27515399446654,51.93408405809658,3,29.4773,21.2736,0.9717,d,,0
f,s,39.6705,34.37733252333279,44.81800400385613,6,52.4200,58.4825,0.3871,a,17.1269,0
m,d,29.3504,29.828730758941422,16.564368858791326,4,46.4862,65.3621,0.9052,d,36.4943,0
m,m,29.5451,35.86245635628462,72.00877082182845,0,62.0219,66.9662,0.5011,c,,0
m,m,25.4542,25.27838241462804,40.24979502451853,4,48.9626,66.6960,0.6724,c,,0
f,d,31.9567,63.018449716396816,37.69834181667745,3,51.0276,42.1844,0.8874,,17.5037,0
f,s,36.8841,90.44757188364306,51.14418577123501,5,63.3279,69.1668,0.0584,,8.8234,0
m,s,23.2446,21.07743768923004,51.17810478831634,2,42.6388,54.6109,0.2947,,27.1605,0
f,s,28.6707,30.429784365533912,47.96770819266689,2,56.9285,56.3558,0.1777,a,17.7731,0
m,s,32.1797,69.16789307779965,48.96401372215956,1,47.2174,68.2213,0.0466,a,36.3628,0
m,s,36.2505,30.80460485452969,25.083508772690465,3,54.9395,66.9914,0.3418,a,4.7625,0
m,d,33.9144,64.12337565552919,37.41448356644899,1,45.0452,64.0994,0.9154,,36.0144,0
f,s,33.6273,42.08400793336335,49.59237404042286,4,42.8142,58.6497,0.2527,a,5.5673,0
f,s,30.8784,65.54670501006551,30.91344825084344,4,57.8103,48.9672,0.1130,a,36.1074,0
m,d,34.4094,37.79767969638163,47.53585459944164,4,62.7128,36.3672,0.9418,d,,0
m,s,37.0715,43.11347618568291,49.6477984604671,4,52.9199,67.6885,0.4933,b,,0
f,s,23.4550,109.76934789467003,42.96260771165021,2,46.0576,68.5045,0.4718,b,27.7528,0
f,m,35.6427,40.42610158142953,49.3480689612953,4,54.5992,65.3177,0.6878,,13.6526,0
f,d,31.5062,40.733213704029254,45.009333993285665,3,56.2947,64.2918,0.8171,d,48.3521,0
f,s,29.3501,43.99904827628924,27.291000483704547,4,48.5820,62.5159,0.2269,a,25.7982,0
f,s,19.7846,43.95699432951122,45.840525834593755,4,71.3306,69.2032,0.2024,,12.5097,0
f,s,25.0982,49.135770504320945,47.22774958532806,1,56.6530,62.7237,0.4245,b,25.4559,0
m,d,40.4903,27.743112602153847,49.97457940868815,1,61.6866,52.1982,0.8476,d,19.2660,0
m,d,28.5573,27.640402007088127,50.66327447212523,0,49.9363,52.7277,0.9271,d,18.9984,0
f,s,26.5762,53.001611782974734,42.75821361704296,1,57.1537,49.8514,0.1904,a,,0
f,m,29.7179,86.4195872028792,52.09103688621424,3,59.8062,52.1121,0.6895,d,,0
m,s,28.2743,27.043219134241415,39.55161981607282,1,54.4768,47.3304,0.4459,b,17.2336,0
f,d,32.6218,37.46229908293419,57.37831390536663,0,62.2789,69.6506,0.8781,d,,0
f,s,39.5849,42.378563069726994,43.18442728661558,4,52.0919,52.6599,0.2956,a,19.3863,0
f,s,29.0669,19.18407839741549,38.31705711190916,3,56.7766,67.7854,0.2702,a,27.3418,0
f,s,32.7715,37.852313757239116,39.568429400012484,4,54.6419,67.2935,0.0219,,39.5855,0
m,d,26.2638,67.82876077478167,57.77691740019388,3,57.0200,65.7046,0.8714,,28.1362,0
m,s,39.6008,96.08445549139705,41.41852943512953,3,45.6142,48.2486,0.1661,a,36.0476,0
m,s,32.9452,38.44360684740418,52.73953031461146,3,52.7620,63.4963,0.2785,a,,0
m,s,26.5909,37.60450501468131,28.69085156807996,3,48.3284,66.9555,0.2463,a,12.9742,0
f,d,36.5215,79.05878527948582,48.18790240871824,4,48.6415,66.7194,0.9221,d,13.4091,0
m,s,37.9999,51.12220175487554,40.45189218081394,3,57.6431,53.5281,0.0816,a,5.7645,0
f,s,32.8073,39.18584858599119,47.79508583273988,5,48.0102,57.9045,0.3367,a,,0
f,m,23.8030,75.09215750918528,51.11684533761126,0,49.5562,68.9643,0.6804,d,29.7856,0
f,s,40.9258,37.49448456682708,46.474822458325676,4,49.8045,67.9985,0.1656,a,34.3270,0
m,m,33.5506,22.107869271685345,43.94043046639365,1,54.7909,66.7441,0.5777,c,18.9955,0
m,s,37.8523,50.34375233430694,44.4408830319961,3,54.9879,68.2899,0.4247,b,30.1885,0
f,s,29.2455,37.35996218195515,26.90822070627563,0,46.5011,64.1975,0.0131,a,43.0910,0
m,m,30.0069,25.916886519287722,50.88604238068379,3,36.7263,68.2280,0.6066,c,31.2849,0
m,s,32.5523,82.33284873105175,42.716258056775,0,57.8109,64.0116,0.3469,a,,0
m,s,37.5670,28.34796673871719,43.85404233675616,6,48.2589,50.7552,0.2115,a,28.6499,0
f,d,32.7150,57.16834270033627,46.12221039323944,5,54.5638,56.7817,0.9752,d,21.4090,0
f,d,25.7158,15.364317835170496,45.6180457667242,4,46.5060,69.2682,0.8390,d,23.6101,1
m,s,33.3099,41.094195143851024,52.84380639087902,5,48.9318,68.3773,0.4487,b,5.1936,0
m,s,40.1477,60.79740597355551,43.66478753197519,1,44.5791,66.2739,0.3212,a,,0
m,s,32.3290,90.2481906422961,60.476045095225714,2,71.5635,62.7283,0.0141,a,,0
f,m,32.6469,111.84394155827825,42.061198456589054,2,56.2076,66.5792,0.7281,d,19.9292,0
f,s,25.6873,54.18353689208375,34.42873097831685,4,58.9173,67.9712,0.2663,,23.3557,0
m,m,24.9851,49.85061765623995,51.046105173951645,5,52.7559,67.0418,0.5117,c,25.7446,0
f,m,28.8115,61.27452359412498,49.48015999118647,6,57.0671,68.4028,0.6260,c,25.3878,0
m,m,30.3674,27.201982132023804,49.52894282635778,4,56.4868,56.1432,0.7529,d,26.3021,0
f,s,32.5203,41.60359748437019,43.02860780489627,4,47.2270,61.6360,0.1581,a,17.4099,0
f,s,32.8298,14.886574660496429,44.744239637850384,5,38.6865,66.2944,0.0913,a,,1
m,m,40.0095,47.43341222347358,23.16674051919151,3,71.7668,61.5621,0.7741,,10.6152,0
f,s,32.2934,102.00287420730197,28.77926575241376,2,54.1732,64.8662,0.0515,,43.0440,0
f,s,37.3221,40.189232283313274,50.69575733288657,2,49.8156,64.7703,0.4066,b,30.6925,0
f,s,31.8034,88.22408431615736,49.854036666107255,1,51.9669,66.7951,0.0360,a,,0
m,s,39.2445,39.36024728466165,35.93506452141276,4,54.4159,65.3110,0.2078,a,36.0875,0
f,s,22.6480,79.31000641390429,42.765146682768865,1,61.4743,40.3569,0.1894,,37.7844,0
m,d,29.0063,29.921927648167415,18.32345298563622,2,58.5987,59.2576,0.8399,,,0
m,m,36.9152,31.39369462964975,50.30709194877456,4,46.9251,57.6904,0.7429,d,28.2703,0
f,s,31.1420,41.309764907593845,47.16560374458453,2,44.4697,69.0703,0.2447,a,,0
f,m,36.6576,75.69662203148634,41.476099504539185,6,51.3233,65.0879,0.5862,c,44.4825,0
m,s,33.9253,79.85749376646817,46.33954186143438,2,57.8532,66.8001,0.4946,b,34.5401,0
f,s,36.7294,31.842080600617656,34.831477015451235,3,51.3300,69.3482,0.0912,,12.9092,1
m,s,35.0653,86.18599991406444,38.15826678635083,2,53.6803,66.4791,0.3578,a,,1
f,m,35.3682,35.09288036551062,50.2741400996539,5,48.1808,69.4604,0.7507,d,,0
m,s,39.4623,50.19558343839434,46.99808717405292,2,51.1719,68.1338,0.1288,a,16.8978,0
f,s,36.9324,42.81092579231711,48.887639741962,3,56.3525,58.7771,0.2399,a,11.4401,0
m,s,36.9690,35.02993794103167,33.51074767615041,3,50.6653,61.8866,0.3564,a,20.9700,0
m,s,32.1021,47.49609766375126,50.753921393174615,5,60.2558,61.6060,0.0040,a,41.9064,1
f,m,29.0907,38.61209675951136,32.0326015180883,0,46.2599,69.4212,0.7735,,17.9409,0
f,,28.7022,34.69843068835912,21.241385287736,4,43.7237,68.7463,0.3951,,15.0119,0
f,m,35.7547,51.27606753398733,46.588276667658704,5,60.2495,69.8473,0.6387,c,35.8520,1
f,m,19.8077,30.34615926190699,52.97091295909641,0,49.0527,69.2818,0.5260,c,10.4706,0
f,m,25.4641,69.03919905573781,44.45762092607342,3,58.9388,69.2530,0.7794,d,26.1701,0
f,m,27.1837,67.34332842964986,36.332121620722546,2,44.4982,47.4425,0.6588,c,,0
f,s,30.7619,29.991967869160682,59.68755377137112,5,45.6712,54.2930,0.3988,,36.7765,0
f,s,18.8428,94.81885410761403,47.82051912494793,3,53.6112,68.4007,0.1237,a,36.5075,0
f,s,38.2936,33.90876477538041,34.183709547277395,4,45.0355,67.9505,0.4240,b,,0
m,s,35.0009,45.67300751535461,50.20946316248609,3,55.0176,47.3125,0.0053,a,39.3373,1
f,s,41.9229,36.40363545556509,36.60463502774023,4,56.5011,64.0922,0.0782,a,,0
f,d,37.3111,29.582752213256843,47.42200827023949,2,55.9810,66.7821,0.8298,d,34.4087,0
f,m,37.1519,40.72912092877894,50.83749927584846,0,52.9860,65.6013,0.5168,,13.5042,0
f,m,43.2534,24.070960206191227,38.953933815160745,3,54.2639,67.7758,0.7889,d,19.8430,0
f,m,29.1452,26.908088379592257,31.606147330575414,2,50.9196,63.8676,0.7391,d,32.3847,0
m,m,24.4827,39.44821226165401,14.825851744934534,3,56.3054,60.9562,0.5278,c,5.7195,0
m,m,30.8382,39.98019455835735,53.68852313972668,5,46.6471,64.9283,0.7273,d,,0
f,d,27.8750,31.159831920874005,43.102532451613335,3,44.8532,57.9704,0.9438,d,,0
f,d,30.7158,79.24907788926573,49.20275619039413,2,55.4710,69.1590,0.9484,d,39.1880,0
m,s,26.7489,58.604675319900835,32.441355074633556,3,61.9902,63.5217,0.2544,a,12.2875,0
f,d,34.8394,19.740645459466798,49.405929917101226,5,46.9329,38.0368,0.9084,d,7.2509,0
f,s,34.5649,63.42385722578648,51.80327999626815,5,44.0301,68.8699,0.4710,b,,0
m,s,31.8654,30.184627447704752,61.44008628712617,4,53.1427,65.2171,0.2084,a,33.0321,0
f,s,33.5579,42.76645603747848,46.91568766164826,5,61.0056,63.0375,0.4101,,7.8198,0
m,m,31.2897,33.13579866706228,19.556080751172917,2,50.1327,67.1175,0.5839,c,,0
f,d,35.7602,64.37270235837721,59.220725640261904,1,41.3273,46.6093,0.8890,d,20.4795,0
f,d,32.3482,34.21711056212986,42.36417023530568,2,65.1343,65.3493,0.9034,d,,0
m,m,30.6728,72.64872399115205,46.48628505981172,2,48.6545,65.4400,0.5598,c,11.1535,0
f,d,36.6479,25.984762585958677,13.525065412126349,2,54.1954,53.6929,0.8072,d,9.0167,0
f,m,38.3041,39.15598889008661,38.97438698801365,3,57.9897,69.8877,0.5291,c,25.8090,1
m,s,38.6873,27.548337072652,42.5467638130482,3,48.5126,55.7782,0.0951,a,48.6040,0
m,s,27.0486,87.33216016734676,49.64887339511448,4,61.0918,69.0326,0.4357,b,2.8732,0
m,m,29.3278,63.2605820830415,23.72385586167081,2,49.9214,66.6631,0.6992,d,,0
f,m,23.4925,56.663546859180464,47.27226494274034,4,42.8072,65.3077,0.7545,d,,0
m,m,30.8072,37.46439792471534,45.34344317272869,2,50.7632,65.4687,0.6779,c,31.6194,0
f,s,34.0806,83.34320883724318,49.05622802100106,3,58.1343,69.7186,0.0021,a,12.4145,0
m,m,31.3360,19.907529684489752,41.11854987492474,2,64.4552,67.3301,0.6823,,,0
m,d,41.6543,35.32450282767635,53.027593910422894,1,60.9737,66.9110,0.9800,d,,0
f,s,29.9708,29.161461489907587,48.17318736865101,2,64.8886,48.1065,0.2130,a,31.4063,0
f,m,26.5575,81.37339499359888,25.667146592905453,4,40.8026,52.5788,0.7132,d,,0
m,s,34.8425,114.82801764399204,49.24726155469034,3,53.7464,63.8546,0.1977,a,17.1307,0
f,m,32.7497,47.7846996533776,52.27506072209691,3,59.3161,51.0400,0.7665,d,,0
f,d,34.7482,25.199949674124525,23.912341242750855,2,61.0875,56.0491,0.9358,d,,0
f,s,33.5189,37.99588708002442,50.40463119167432,3,59.4707,66.7019,0.2082,a,24.2635,0
f,d,33.2188,44.59587619376211,39.1846245199784,6,54.3509,69.1293,0.8293,d,,0
f,s,21.3885,50.9343604134456,34.74671791456575,4,60.9783,63.4599,0.2993,,,0
f,d,28.3694,23.693171964545424,47.32434528805786,3,40.2658,67.2693,0.8807,,30.7299,0
m,s,29.0484,62.85560375020971,34.70311066419616,6,57.2317,69.9315,0.0318,a,12.7081,0
m,m,30.2602,37.2705332404001,45.944748618184576,5,57.4781,42.1904,0.7552,d,37.4941,0
m,s,29.7580,44.23256143071711,49.62201636476292,3,49.8457,45.6210,0.2154,,,0
m,s,34.0641,36.92641684639171,48.05136211702275,0,41.8459,64.6127,0.3669,,41.5035,0
m,s,35.0044,23.711407932482846,52.12958519462374,1,42.7322,63.2603,0.1577,a,,0
f,d,26.3418,48.886684102651955,50.85574711907081,1,55.4147,62.2634,0.8074,d,11.7586,0
f,s,35.4340,30.91331214721276,52.41286353931165,3,50.2120,51.7230,0.2011,a,34.0492,0
f,s,34.9288,36.368402415674716,49.24978338465528,3,50.9549,65.5887,0.3546,a,14.1878,0
f,s,34.3289,35.66145790089023,49.15247241984138,6,48.2907,63.8794,0.3656,a,26.3857,0
m,s,24.9105,53.53539472660847,37.5020569201032,2,50.2101,68.2018,0.2675,,,0
f,s,34.2029,32.43402716830362,43.495950901601326,6,58.6068,68.0568,0.2239,a,10.7701,0
f,m,32.4130,67.6575662023591,33.738307361199986,4,60.8213,64.8313,0.7476,d,,0
f,m,36.8044,103.1321622253437,43.964203978147204,4,50.7704,68.1777,0.5774,c,20.9263,0
f,m,40.9218,40.50053051621362,49.75716275692892,4,60.2848,69.7850,0.7739,d,15.5024,0
m,s,39.9403,26.581073547009986,39.3938128544561,4,42.4574,66.7834,0.1570,a,20.8820,0
m,m,32.5632,28.01360764391329,54.22234636688704,3,51.7205,60.2975,0.5451,c,24.5469,0
m,s,31.9906,39.369657546705476,49.133101633768895,0,59.1825,67.7289,0.0797,a,17.3259,0
m,s,35.1597,50.79039304963847,42.979685826055004,2,54.2514,56.1007,0.0984,a,55.0540,0
m,s,26.4248,29.54608575958083,45.6315979542003,3,55.5512,61.5136,0.4320,b,,0
f,m,24.7466,34.11610268471601,43.61085642572532,4,52.9187,62.5845,0.5922,,19.5578,0
f,,29.6373,79.67621121962935,42.549089358574285,3,45.3791,54.3892,0.7166,d,13.5883,1
m,m,38.1028,56.33366914709681,50.113977847939864,3,62.1110,69.4633,0.5683,c,7.9427,0
m,s,30.3444,32.8721340963955,45.48116153550416,1,65.0730,68.6214,0.0771,a,17.8631,0
m,s,39.5129,66.58679298261175,52.18131131990787,0,49.6336,53.2009,0.3769,a,37.5365,0
f,m,18.0594,140.5714918630953,51.53595627771979,4,53.2410,53.3711,0.7379,d,41.0122,0
f,d,24.0640,26.658657029739654,51.57640993110395,2,50.8574,69.4295,0.9506,d,12.4112,0
m,d,31.3816,37.75542937261815,48.74807340706871,6,48.8882,59.5823,0.9053,d,18.3385,0
f,s,36.4410,53.83527759162378,45.04840979643224,2,53.2673,69.8911,0.4916,b,29.1584,0
m,d,31.6519,39.08371140903824,39.09419316657632,2,46.4022,68.9829,0.9355,d,24.1302,0
f,s,31.5217,31.580830623103218,52.42963678254888,3,58.2510,69.1861,0.2514,,,0
m,m,31.3913,16.6278199450867,29.981717893402937,4,51.5494,67.5631,0.6169,c,,0
f,m,23.1855,41.58299203482245,51.29977839098708,3,57.8153,66.5598,0.7628,d,,0
m,s,37.7903,39.93201863176472,35.43373073335729,1,59.9093,53.0761,0.0017,a,,0
f,s,28.5862,75.39988620527912,48.32933677872408,2,47.6919,65.9862,0.0821,a,19.2884,0
f,s,37.4477,29.900428210862636,47.11305491706612,3,48.0166,69.0745,0.3212,a,30.9872,0
f,s,31.6474,32.757294530877765,49.30215472771461,4,65.5939,67.7745,0.2163,a,28.6847,0
m,s,37.3408,45.78681036905486,41.089118224784684,4,59.8540,69.9552,0.1748,a,18.3058,0
m,m,33.7163,32.4115085172864,47.10867738675683,1,49.9561,69.8008,0.5518,c,47.9316,1
f,m,31.4666,33.86415903094656,51.832230248727065,0,44.5084,66.0520,0.6396,c,42.1228,0
m,s,33.1313,37.08408287729751,31.791251196718385,3,56.6617,64.9752,0.4850,b,,0
m,m,24.6351,94.66446113312628,46.71273106011451,4,53.2867,67.9866,0.6996,d,33.9185,0
f,s,32.0301,46.38623193534416,21.79087740179226,0,61.8934,66.6550,0.3182,a,,0
f,s,40.5802,28.00492086417142,10.744680002093684,4,34.4243,69.2362,0.3660,,,0
m,s,38.5410,121.42664307008512,49.117104855296915,4,48.6742,62.4726,0.1330,a,39.4667,0
m,s,27.0749,34.74348646981184,42.62056307010565,3,45.7377,66.5100,0.2169,a,,0
f,s,34.5284,38.66740238756472,41.81924164191543,5,47.3939,68.7668,0.4868,b,,0
m,d,33.2399,128.5851496039921,49.95855234534411,4,45.4673,65.1844,0.8264,d,23.6130,1
f,s,36.0859,23.904232181302664,48.600310841948705,0,47.7434,68.3643,0.4736,b,,0
m,d,32.4708,63.70959864716533,40.210133063991115,3,54.3463,67.5815,0.8832,d,34.3241,0
f,d,30.8325,60.44357923104786,49.196044226195845,5,46.7919,69.0719,0.9370,d,30.3375,0
f,m,38.6532,43.97499441821424,37.07114250167167,4,51.4460,59.3778,0.7715,,16.1950,0
m,m,33.0820,44.616804389459595,1.7410777670659134,4,42.9240,67.7071,0.7790,,24.8252,0
f,s,38.2773,38.37604559899302,44.35962508449565,4,57.1488,48.1863,0.0146,a,,1
m,m,36.8719,32.97447118704094,50.112009766582155,3,55.7888,66.3606,0.6929,d,22.4655,0
m,s,30.3776,15.644484235833476,50.352346775531984,2,47.3719,68.8195,0.0343,,45.4613,0
m,m,31.1650,51.90036118498077,47.859037186834094,3,43.0425,61.4495,0.7549,d,32.1400,1
m,s,41.6492,43.84271475314909,37.230042723042885,4,50.9839,60.7418,0.4249,b,14.4585,0
f,s,32.9574,62.10958798089896,51.03707717086654,2,56.9877,55.0807,0.0836,,15.2255,0
f,d,28.2069,37.767953547138504,59.655986986884216,5,52.8327,69.0130,0.9304,d,26.3915,0
f,s,25.9998,24.292718929397424,43.415137997965985,2,55.4876,59.0793,0.1852,a,22.6455,0
f,d,36.8707,88.54191859872276,49.743057245684824,4,38.7221,56.2492,0.9604,d,,0
m,m,32.8015,40.541029016962874,55.186808857271494,2,45.7090,67.4579,0.7841,d,,0
f,d,28.0395,48.465515428701124,33.03836650232178,4,43.1489,65.7579,0.9227,d,40.2252,0
f,m,35.3729,38.17581802833938,19.570470303499196,3,49.8892,63.2335,0.6260,c,8.4661,0
f,s,32.7987,64.47258593758998,46.3390919317927,4,55.8859,68.0280,0.3518,a,32.7800,0
f,m,23.6976,63.009408200211425,46.32696122866288,2,43.7872,55.6451,0.6991,d,33.0496,1
m,s,34.9434,60.03560616865802,50.79702011778779,2,40.4224,61.5910,0.4605,b,11.2058,0
f,m,38.6660,29.749927475272433,52.348759672282874,4,47.9263,56.4011,0.7346,d,22.3241,1
f,d,44.7993,37.92837050918976,46.325998871706915,2,52.1698,65.8162,0.9538,d,33.7659,1
f,s,32.1745,22.097423411620767,42.24645528405043,4,44.4332,64.8768,0.0567,a,,0
f,s,33.1632,40.97235197082095,45.29051838620718,4,54.5978,68.4881,0.1656,a,,0
f,s,40.0330,64.39344374701736,41.64892241457703,2,46.6482,67.3616,0.4304,b,29.4094,0
m,s,32.8436,39.11972434065807,39.99711058807568,2,56.9811,60.8473,0.0274,a,42.8737,0
f,s,33.3767,83.6923041199214,42.482442203077404,2,58.7926,47.6394,0.3596,a,8.8142,0
m,s,28.8469,24.18305640900028,43.10491741616952,1,48.0349,68.8450,0.4232,b,11.7258,0
m,s,25.0281,40.14332379959908,51.47567755048269,3,49.6345,69.6362,0.1745,a,21.5769,0
f,s,36.5634,97.67984422028502,41.36683299945662,0,38.6699,69.5112,0.0420,a,,0
f,m,25.6321,53.173828472290154,38.39633480360488,1,53.9607,65.9976,0.6351,c,35.4171,0
f,s,37.7033,64.12256764410296,7.4965111926097405,4,51.8359,58.9859,0.2370,a,11.0747,0
f,m,28.0592,25.487065227431827,47.05896562603862,4,59.9796,68.2169,0.7000,,,0
f,s,33.3262,20.060669392178426,41.13514694765315,1,65.0850,65.4610,0.4168,b,49.3442,0
f,d,30.1386,17.32750784657881,44.799746033348825,2,64.4657,64.9289,0.8981,d,,0
m,s,37.8730,37.95459305939045,53.53262445206047,2,48.7582,57.2717,0.2979,a,32.1292,0
m,m,33.5042,73.71695693826814,49.53594108176321,5,60.2365,68.7458,0.5408,,,0
m,s,41.7955,59.9704058945436,53.03840175970804,4,44.1125,69.8962,,a,35.4468,0
m,d,26.5816,73.42259194637414,50.02421106843795,3,42.0441,65.0542,0.9486,d,,0
f,s,34.0693,34.57957928019681,46.750715093251124,2,53.9978,66.9278,0.2778,a,7.4640,0
m,m,32.2367,35.50630899055008,52.952619028775736,4,40.3910,67.5812,0.6762,,14.5835,0
f,s,33.3997,20.805812997926896,53.24147278237068,3,50.4096,59.6438,0.3544,a,13.5233,0
f,m,39.9796,30.651084110471693,38.373372718465035,5,44.1253,61.9477,0.6835,d,41.0020,1
m,m,34.9266,16.795127855130033,35.74133423436035,4,53.5799,69.3863,0.6199,c,27.6325,0
f,m,26.2624,41.859111773339215,46.647279023040426,3,45.2858,64.4399,0.7730,d,37.8936,0
m,m,34.6676,54.03897957110412,47.28910685570507,1,58.6032,58.8090,0.6263,,,0
m,s,29.9219,33.999125308298154,24.343882426546415,6,47.6412,53.1689,0.4561,b,48.1046,0
f,s,29.6332,72.51099314105636,51.41555095203624,2,55.2145,69.9987,0.4506,b,34.6966,0
f,s,37.2293,64.93510856148248,52.47712286310404,2,52.9139,58.4646,0.1564,a,36.1484,0
m,s,28.9883,48.86991053931317,51.16733742926765,3,47.5780,69.6905,0.1176,a,26.1549,0
m,s,30.1013,78.29980305146017,45.182071211158366,3,50.7910,61.9774,0.1547,a,34.0536,0
f,d,32.1620,43.3980785466978,38.161838730320035,1,52.5206,63.6208,0.9295,d,38.5941,0
f,m,36.7309,24.98877445769146,47.23159524549534,4,46.9055,48.7417,0.6705,c,23.6891,0
f,d,34.9079,34.83550745998291,44.05062942912759,2,46.3776,63.0046,0.9049,d,,0
m,m,30.8279,59.477076985280114,49.58736184797053,4,61.6950,69.4925,0.6147,c,,0
f,s,30.6391,69.87957460574675,49.890232954126475,4,48.0874,62.2309,0.2128,a,13.0043,0
m,s,26.1994,74.44151010684183,38.23471889086877,2,47.3030,67.9402,0.0125,a,15.5879,0
m,m,28.2008,41.40659089231241,50.121317885097454,3,57.2620,57.5158,0.5337,c,21.7420,0
f,d,28.7281,35.176799675985094,46.70517960028234,4,49.2994,69.7762,0.9730,d,,0
f,m,31.2535,42.45981487128057,53.06255073413114,4,61.2696,67.2577,0.7937,,4.2793,0
m,s,41.9338,31.45175559604814,11.311187282939745,3,41.9247,62.1015,0.0689,a,,0
f,s,28.6227,39.465262440962064,45.78668589227602,2,53.6636,68.8158,0.3639,,11.2189,0
f,s,30.5209,65.45614979070172,43.32781508664328,4,52.5499,62.7254,0.1334,a,27.3648,0
f,s,21.7380,123.16456672681801,46.15169323030898,5,43.6183,61.6366,0.2704,a,36.7896,0
f,m,35.0029,51.26917969490056,25.40308635272045,3,52.9992,60.7360,0.6776,c,25.4280,0
f,s,24.1128,19.551708782985795,46.78378795663748,4,47.8078,55.4251,0.3256,a,38.9285,0
m,m,27.4671,48.36527456149998,50.73223988788929,1,59.3318,66.2689,0.5094,c,18.3208,0
f,s,37.2117,33.77990569126055,43.85344971226766,4,55.9883,68.9240,0.2893,a,23.3993,0
m,,21.4754,30.6234379431559,51.75608250725639,2,61.7472,67.8893,0.4097,b,13.1974,0
m,s,32.4796,19.56627968102722,36.36518734913475,3,53.4573,66.5435,0.3778,,,0
m,m,36.0046,62.76156234709667,33.76586607719515,2,44.7828,69.6071,0.5834,c,,0
m,s,39.6272,30.768723733476005,41.326666727607765,1,50.4347,61.3698,0.0789,a,28.2279,0
f,d,27.3995,59.6512620483142,43.02329084575441,5,45.8101,69.5444,0.9936,d,11.3915,0
f,s,28.8799,15.472014969666553,44.801893336742054,3,59.1835,69.5839,0.1357,a,21.4872,0
f,s,41.0222,35.265652857653336,43.10848115890597,3,58.1826,51.1307,0.0538,a,16.0194,0
f,d,31.8747,27.422780555993214,59.79139208494198,3,55.2588,58.5118,0.9100,,,0
f,s,28.3187,64.94363183369681,48.6620601146199,1,47.9920,67.9518,0.3651,a,27.9037,0
m,s,28.4126,114.19486247838239,37.16090535592681,2,49.5050,67.0733,0.0045,a,33.6365,0
f,s,27.1372,51.16938025525262,23.879164040649734,1,52.1070,57.7623,0.2509,a,26.5821,0
m,d,29.8016,28.595052046369094,52.070664409911906,3,47.6416,63.2410,0.8083,d,10.5866,0
f,m,37.4411,41.34060505191631,52.96137913633246,2,53.0598,67.8456,0.7428,,18.1646,0
f,m,36.4388,69.31185643513486,25.739202264131347,2,52.1507,65.8276,0.6451,c,,0
m,d,26.1286,32.572567914705665,32.07802357877584,1,42.8662,56.4558,0.8256,d,13.8614,0
f,s,33.0729,29.658732624680987,44.07812294332501,4,56.1039,69.9952,0.4728,b,17.0368,0
f,d,29.9892,43.18597784323882,24.363472216237255,1,50.7212,35.8484,0.9189,d,41.5905,0
f,s,35.9122,83.86431536694737,49.52960371087435,6,40.7164,64.1581,0.2697,a,34.8170,0
m,s,31.2182,66.51024342622618,48.71775437775133,2,51.2867,68.5936,0.4966,,35.1321,1
m,d,33.8576,34.833045787844995,27.921445717022657,3,47.0541,58.7272,0.8294,d,41.0003,0
f,m,31.2070,119.37300020407434,46.691291003762075,0,56.2468,69.4452,0.5438,c,,0
m,s,21.0646,34.71299900821761,12.23110195321932,4,38.3044,66.3066,0.2398,a,9.8278,0
f,s,32.2350,115.83423502145278,49.67733306754312,2,67.7474,64.0410,0.3337,,9.8703,0
f,d,25.6413,51.178820068264,41.96159738271154,3,59.9403,68.0124,0.8605,d,2.8680,0
f,m,35.7356,42.518608764887205,41.754340428888845,4,59.3769,54.8461,0.5290,c,28.0331,0
m,s,28.6009,64.54018563775877,49.83869058324125,1,40.6614,61.6443,0.3458,a,,0
f,m,28.9749,47.614280073741284,47.76068466783654,3,49.5326,68.7643,0.6240,c,,0
m,s,31.9555,92.08821500310057,46.86961927830752,2,53.8363,68.8409,0.1480,a,32.8200,0
f,m,34.8890,25.078973980437336,46.85437978575915,4,60.9723,69.5525,0.7414,,,0
f,s,31.1513,53.59441937514125,46.20623634419818,4,49.4511,64.0678,0.3639,a,12.4490,0
m,,40.2109,76.69216176987126,43.09472077310295,2,51.2018,68.5485,0.5167,c,,0
m,s,40.2441,29.96141976336508,20.63080273898492,5,56.8508,64.5188,0.3467,a,4.7579,0
m,d,40.5773,50.15758577538431,39.57111826187456,0,62.4407,58.0169,0.8573,,33.8055,0
f,s,30.8284,21.059333568397083,50.076612103913526,5,59.7193,55.2055,0.1765,,16.7379,0
m,d,24.5902,28.658572774199023,43.52393572155866,3,50.5061,69.1341,0.8691,d,9.3341,0
f,m,38.1004,14.336014175948762,-0.15739725859163878,3,49.8229,67.1732,0.6618,c,,0
m,s,29.9183,16.176869693409607,45.90901284120246,4,51.4880,66.2185,0.1816,a,7.1922,0
f,s,32.1908,81.1320973206798,33.15868757545082,4,53.0611,66.6151,0.1566,a,31.5664,0
f,s,35.1416,43.19238666655863,50.51617303915104,6,64.3812,66.2010,0.2597,a,,0
m,s,23.9778,30.436657312626004,39.629352957505375,2,51.6586,65.6869,0.4437,b,11.8098,0
f,d,40.1456,47.565535315256334,54.1414949474033,0,59.2277,60.1101,0.9442,d,32.6897,0
f,m,36.3748,70.00436495942704,25.351546564027547,5,51.7075,67.4479,0.7846,,12.6257,0
m,s,33.7614,46.51327925914867,47.79310283766525,5,48.7446,67.0550,0.2880,a,,0
f,s,36.4546,44.51358403662429,44.74205595334019,4,56.7304,66.5371,0.4757,b,,0
f,s,34.7848,81.94480676462284,51.64699389194587,3,59.1615,68.8523,0.0425,a,19.5677,0
m,m,32.5841,54.51057643976292,51.53198240127478,4,45.0447,63.0332,0.7760,d,33.1357,0
f,m,30.4611,18.738036405835178,41.206892692207795,4,49.5374,66.4213,0.7148,d,14.9355,0
f,m,28.3043,93.20993715161183,43.325761982857195,3,56.4564,52.6487,0.6422,c,11.1429,0
f,m,33.4361,134.07049986084704,48.51847376347819,4,73.0022,57.9411,0.6030,c,11.2725,0
m,s,33.8060,81.3843627090518,19.521267038185844,4,52.3439,68.1688,0.0745,a,,0
m,m,37.4160,103.72104782927104,47.16580323363791,3,47.5960,68.0576,0.5240,c,5.9219,0
f,m,33.0033,49.25242168395705,39.16744883956031,3,44.1491,59.3285,0.6008,c,13.0533,0
m,m,27.7340,31.512321897485535,48.7440861753026,4,56.7450,64.2549,0.6194,c,,0
f,d,24.1188,35.778155424927384,43.33454701564585,0,56.5012,69.9282,0.8976,d,,0
f,s,31.3622,45.95594460509811,22.29706431508376,4,55.1003,63.0424,0.3302,,26.8814,0
f,s,,54.40379846537443,46.029432551246295,5,46.1345,66.4833,0.2443,a,19.4392,1
f,s,31.5095,46.91195873798158,45.35546677232081,2,60.2230,59.2332,0.4380,b,,0
f,m,24.3474,74.45039276264822,49.610615590305066,1,52.7901,60.3837,0.6172,c,20.7822,0
f,d,37.3723,41.671883204623185,47.198796738492995,2,58.4802,52.1132,0.8516,d,34.8177,0
f,m,37.3631,43.96129879580375,45.559973025355845,2,50.1202,61.5888,0.7433,d,30.5503,0
m,m,27.8836,30.05162621647471,52.30788533714698,5,62.8828,52.9088,0.5176,c,8.6473,0
f,s,36.0299,64.06613416515387,43.56497137775784,3,49.3669,67.6551,0.3896,,15.4170,0
f,m,36.7642,44.74962160302833,44.405701048056926,2,55.4765,67.1050,0.7464,d,36.6433,1
f,s,32.1922,65.54414919332268,24.79666702101028,1,53.5683,69.5728,0.3706,a,17.6089,0
f,s,27.2575,68.03576840300579,42.25021938866326,2,48.3197,55.8815,0.4243,,29.0991,0
m,s,40.0669,66.75043717885663,37.930512995070714,3,43.9933,68.8275,0.0184,a,,0
f,m,33.9046,77.11223708197127,44.19833099287247,2,63.8789,64.3899,0.5078,c,40.2317,0
m,s,30.7448,52.08529145431278,47.36504411245386,3,44.9751,65.0180,0.2049,a,32.6567,0
f,d,35.8642,37.02545002124438,47.50794489203875,3,48.0929,58.2284,0.9663,d,9.5848,0
m,s,40.1110,35.13875850202669,47.59566631300969,4,54.0628,66.5630,0.0925,a,44.5098,0
f,,29.5142,31.84436585122144,56.84500639742572,3,42.1720,68.9225,0.0416,a,15.7259,0
f,m,35.4571,36.30540910522411,37.980433469093086,2,50.6794,66.6189,0.5171,c,19.5080,1
f,d,41.7158,39.35109215156726,42.803399582208016,4,42.9459,69.6553,0.9835,d,31.7070,0
f,s,26.4172,52.77503589302133,48.05139960213561,2,56.1495,67.4886,0.2739,,36.2814,0
f,s,29.2537,27.286245993045696,51.72112751750616,3,58.0670,63.0402,0.1331,a,36.1178,1
f,s,29.0107,39.36863937744541,47.011703958273614,2,43.4274,69.5881,0.0905,a,,0
m,s,31.2084,27.935879338787075,41.45021391024642,4,36.8501,37.9733,0.0035,a,6.4440,0
f,m,30.9501,39.439667057270704,50.665478640278785,5,47.5635,64.6221,0.6157,c,29.6993,0
m,s,33.5040,29.285841380024692,49.74166490166838,3,45.7617,67.5026,0.3532,a,25.5787,0
m,d,27.8981,92.42260698426668,49.62479324910789,4,55.3173,57.4386,0.8200,d,34.8142,0
f,s,28.8867,40.42931828360956,48.16298275238101,3,61.2762,68.9648,0.2217,a,10.4128,0
m,m,33.5065,36.977123950431775,44.89171777381815,4,53.5818,67.2801,0.5480,c,19.2334,0
f,s,32.7746,39.68524249386554,45.580183405088476,1,41.4978,50.6310,0.0544,a,,0
f,s,36.3704,33.38522321182679,47.67094816944648,3,65.0232,68.0796,0.3229,a,,0
m,d,34.0468,76.76549205108371,41.14631247788303,5,55.4673,60.7593,0.9075,d,8.5800,0
f,m,35.8592,56.62770054773439,42.629079178941126,3,65.4018,69.4092,0.6034,c,33.5973,0
f,s,26.2852,34.95701779206575,46.23690086187372,4,51.2421,64.6779,0.4637,,8.9488,0
f,d,30.0829,62.5422490672983,37.968075538885365,3,45.8803,62.4871,0.9312,,32.7335,0
m,s,41.2419,50.13881139580314,47.79959721772126,3,60.6991,68.3524,0.3494,,34.4957,0
m,s,,90.04261627782915,49.116280803724536,4,54.8657,67.2214,0.0725,a,30.5425,0
m,s,35.7370,45.671671010145346,31.675028445933403,1,42.7198,64.4025,0.4552,b,24.8421,0
f,m,33.3637,60.242584635086594,43.27761303719288,3,52.6193,63.7591,0.5891,c,,1
m,m,34.1267,39.55862869593263,44.088672926377896,5,60.6747,68.8275,0.7995,d,19.5319,0
f,s,30.8455,68.68311582998844,48.14375738248315,3,61.2138,66.2974,0.3684,a,39.9380,0
f,m,49.8579,46.20861033954071,51.71446063870089,2,66.1025,12.4018,0.5197,c,24.3467,0
f,d,30.0192,76.91919100649152,55.592073108800676,4,46.5869,67.2753,0.8886,d,32.3940,0
m,m,31.8084,20.73197482605585,41.832984148428835,2,57.2229,59.2286,0.6329,c,18.3252,0
m,s,19.8758,115.68609940993133,44.02929434649023,4,44.6452,68.4239,0.2736,a,42.0282,0
f,d,37.5313,48.87569318891916,32.271127271594835,3,45.9308,65.6712,0.9316,d,40.3398,0
f,m,29.2387,25.814323728242247,41.40533743379068,5,56.6202,64.8889,0.5697,c,44.3832,0
m,d,31.6960,38.54471526519612,43.813776667510886,4,55.6957,63.6553,0.8380,d,39.3535,0
f,d,29.3598,37.318176809725344,46.536504614496586,4,46.5496,61.1477,0.8065,d,,0
m,m,31.3066,38.923069613656,46.67373416642612,0,50.9540,58.8756,0.6717,c,32.2110,0
f,s,30.5788,43.229820627067596,37.04821856442674,6,50.1252,61.5683,0.2989,a,29.0576,0
f,m,31.7848,22.234782151763294,50.03702092207415,1,63.5296,58.4773,0.6531,c,,0
f,s,31.7360,36.250313797668575,48.49659988307335,2,45.7160,54.8015,0.1154,a,40.1786,0
f,m,31.2290,45.036144805474734,47.922494387181175,5,58.1273,67.2371,0.6698,c,,0
m,m,31.1606,21.369175941243434,47.238013302694235,0,67.8865,57.7062,0.5252,c,33.3686,1
m,s,38.5426,65.60666557870954,46.51061625426108,4,56.3185,64.8625,0.3229,a,26.2940,0
f,s,36.4071,42.1488089021807,-6.402770789871401,5,49.0460,67.8977,0.4423,b,,0
m,s,36.4372,59.823903762599535,38.61155187245558,3,37.3201,68.6697,0.2851,a,9.7406,1
f,s,28.3378,50.43431088580178,37.51188384812795,2,54.6098,59.8792,0.4699,b,17.6980,0
m,s,38.2841,45.08880618799084,41.505027625692065,4,61.3085,62.9136,0.4261,,30.8491,1
m,s,37.6582,38.970340908654684,49.97943002060272,3,37.1357,69.4865,0.4922,b,,0
m,s,29.2330,143.02132583384676,39.055388167352454,1,50.8783,63.8022,0.0269,a,16.1720,0
f,s,39.6193,62.823668194117964,45.80401319565206,5,53.8282,69.6810,0.1085,a,26.7546,1
m,d,28.5839,51.823475418249515,46.85038024527671,5,59.5319,66.5255,0.8539,d,24.7986,0
f,s,22.7898,35.52144415251373,49.747033679188235,3,59.0278,64.0733,0.1758,a,3.9744,0
m,s,37.5076,40.964165855945495,57.287964743266514,5,41.6493,62.6474,0.3107,a,,1
f,m,31.4024,37.16466905171312,15.19459798891015,3,53.8948,68.7974,0.6956,,30.8568,0
m,,36.8846,23.108824876754824,50.40358969183325,4,55.7647,69.6789,0.3850,a,21.3132,0
m,s,28.2290,49.186392520624466,37.70632866009118,3,55.5694,63.9935,0.4039,b,,0
f,,25.6911,57.06883866158366,43.67954020891681,3,41.0249,58.0435,0.0380,a,35.9325,0
f,s,38.1594,19.29864818894331,41.67614512666059,2,56.1259,58.8515,0.4346,b,,0
m,m,24.9637,39.655804966542426,49.09529807112207,6,47.6029,66.8797,0.5707,c,,0
f,s,24.1948,46.99758466691,40.19912634042762,2,50.1370,63.9781,0.4415,b,35.2109,0
f,s,22.3721,41.45642368759211,55.01585693557183,1,50.3251,61.1217,0.3816,a,26.4225,0
m,s,18.0276,56.419831046073,41.511625004292384,1,58.1408,55.5446,0.1730,a,33.2869,0
m,s,26.8045,37.68244740630979,30.14388922212716,0,47.3901,65.2642,0.3872,a,8.8614,0
f,s,21.1530,127.23263351137558,43.63392956640418,4,40.7396,55.4158,0.0508,a,19.8098,0
f,s,31.8220,165.77663547962737,41.246753931379175,3,52.3653,67.3237,0.2832,a,34.5381,0
m,s,20.8179,35.437889787923865,49.83167740755302,4,58.4382,68.2675,0.0084,a,36.1428,0
m,s,26.5286,109.65924831823041,31.73911381533789,3,61.0396,67.5618,0.1632,a,25.9667,1
f,s,43.6603,44.825485150311536,45.9359362505302,4,50.6650,60.8407,0.0653,a,10.3974,0
f,d,33.7256,61.55961302513357,42.88765809117031,4,53.9039,54.8517,0.9284,d,37.0051,0
m,m,32.2640,27.984537731329453,38.63115074858714,4,52.7306,65.5402,0.5281,c,,0
m,s,23.8962,23.16050389882168,44.798735570554214,3,51.9172,61.6668,0.2293,a,,0
m,m,30.7720,66.87036566591763,50.47984101119395,4,62.3293,68.9539,0.6154,c,3.7849,0
m,s,32.2405,26.09338934705958,39.36009560870312,2,46.5296,65.0432,0.2624,a,26.4773,0
m,m,23.9741,89.81858953221524,21.245926006705883,2,50.3598,66.0055,0.6487,,16.7334,0
m,m,32.6309,81.6694707807697,49.55282542652349,2,52.5223,66.0454,0.5149,c,3.3450,0
f,s,37.9562,31.558981664592295,40.927346940291436,3,50.3770,68.5418,0.3961,a,21.3378,0
m,d,30.2587,73.54758314026549,41.40064602645499,2,45.5170,63.1755,0.9047,d,,0
f,m,31.0138,59.21580033098249,38.57346190996464,3,51.6260,62.1953,0.6850,d,,0
f,d,,27.386666764381594,50.20752333732693,6,57.9516,62.9196,0.9468,d,12.7385,0
m,s,25.0038,35.993607535434094,49.70719073928632,2,43.8364,60.4959,0.2729,a,,1
m,s,37.2885,64.87406062549765,50.67019945541893,6,55.0333,65.7097,0.3838,a,34.9529,0
m,m,28.6922,46.4245184868181,45.65624634008132,4,57.0783,56.5978,0.6699,,33.2872,0
f,m,27.3514,31.771757849485248,43.69087018607687,3,62.9340,64.0724,0.6227,c,,0
m,s,28.5371,65.79944299645756,50.318857397000485,5,51.9446,55.0518,0.2718,a,34.1701,1
f,s,31.7127,53.70257855170132,46.20261333883446,3,59.3335,66.3047,0.0951,,33.5484,1
m,d,26.2079,23.789287040968144,42.640255185643646,2,55.6339,61.5690,0.8285,d,28.8651,0
f,s,32.6326,35.98400174047464,50.010455468480195,4,48.8550,68.4659,0.3391,a,,0
f,s,25.2000,25.58002339016948,28.697117030310103,3,51.7671,69.3930,0.0012,a,7.6846,0
f,m,35.8700,48.39324010934973,51.53149569041098,2,44.8860,51.2333,0.6924,d,12.0108,0
f,s,26.7147,156.00088861580463,49.62398139006478,2,49.8640,66.7564,0.3308,a,23.2831,0
f,m,38.6013,39.26342854677768,46.96066043521577,4,54.8273,69.6726,0.7318,d,34.8770,0
m,s,31.9498,83.29650392589127,42.70101629425744,2,54.3079,63.2553,0.1201,a,,0
f,s,27.7718,64.99240288033658,48.592514997669014,4,55.5516,51.0512,0.2573,a,28.8377,0
f,d,36.5573,99.2566732477269,42.99061222804933,2,47.4754,59.7424,0.9126,,,0
m,m,25.1275,108.50419508049247,51.651077234958805,3,51.8497,39.4660,0.6126,,,0
m,s,29.2647,16.754345446198467,46.819195516544916,3,54.8764,50.8538,,b,8.3398,0
m,d,31.9996,34.466464389563356,46.130435609382474,5,46.0855,65.7444,0.8570,,40.7313,0
f,m,31.3942,104.51024259863885,27.800425139002513,5,51.3260,68.1348,0.6730,c,33.4250,0
f,s,21.9571,22.715224981722184,45.7968710687703,2,55.2587,69.5278,0.1792,a,11.7193,1
m,s,27.3968,26.704222901249857,27.97993492317855,3,62.5868,67.7766,0.2708,a,,0
f,d,32.8412,37.22573643370082,17.45995285741745,5,48.9377,62.9994,0.8805,d,21.2177,1
m,d,25.4005,46.60359868710818,35.37854627684803,3,50.3290,53.0747,0.9367,d,9.5416,0
m,m,38.3321,14.636166098537444,44.38013803699878,5,51.6407,69.9880,0.7023,d,,0
m,m,34.4759,71.96861308150945,26.774172338856555,2,55.0385,58.0936,0.5321,c,17.3035,0
f,d,29.4288,39.1960655155176,51.725915529826004,3,57.8344,59.8787,0.9107,d,,0
f,m,30.8985,120.28449923284948,25.657185580709502,4,53.5869,61.7795,0.6603,c,38.2424,1
f,d,41.3078,46.74455872122779,40.18375811950531,2,50.3800,69.0422,0.9395,d,33.9464,0
f,m,36.6799,59.09256702261419,41.70137286456329,0,52.8950,69.6169,0.7053,d,26.5409,0
f,s,33.9011,37.39435303576337,33.408962307693464,3,53.0130,60.6573,0.2170,a,20.1862,0
f,d,24.9224,41.594229987576824,47.792786244566415,5,55.2772,62.8210,0.8764,,3.6714,0
f,m,40.1481,14.777807308412939,50.505027276035115,2,49.6277,66.7669,0.5351,c,9.3688,0
m,,37.2620,133.80361586895927,50.080021555831856,4,50.3646,67.0327,0.3417,a,26.2746,0
m,s,31.2580,35.98590140428081,63.29089206930438,2,57.2669,69.7677,0.2327,a,17.3973,0
f,s,29.2515,22.190611238345053,44.91653120823236,2,46.6781,34.8188,0.2710,,,0
m,m,31.0605,30.690792984381524,37.96005123933506,1,46.4605,57.3173,0.5435,c,,0
m,s,25.9903,22.653508003914148,51.32043727285529,4,46.3048,44.4008,0.0464,a,32.8814,0
f,s,29.6461,37.17983328424716,44.744902275672175,4,52.9145,58.0723,0.3644,a,9.8884,0
f,s,35.8158,56.68791338370265,44.783712136918936,4,53.3591,65.7016,0.2552,a,27.9339,0
m,s,22.9619,45.3321936844482,30.80848966945317,2,60.1142,56.9422,0.0972,a,,0
f,m,30.4296,77.43479054343982,49.802788863244885,4,46.7174,68.4524,0.5027,c,36.2046,0
m,s,32.5688,78.25916102952877,42.8492863803671,2,66.9506,62.1867,0.3558,,,0
m,d,32.5178,85.4871139377688,49.47336647795029,3,54.7367,68.1045,0.8782,d,41.0261,0
f,m,26.1053,108.5424828439148,49.83468789134968,3,54.3789,66.5114,0.5267,c,19.1813,0
m,s,26.0892,60.2927761303622,52.74640167962715,2,46.0065,55.6274,0.1458,a,23.8540,0
f,s,37.4458,13.151415917656575,46.34579728514339,1,52.0043,66.1269,0.0775,a,21.6123,0
m,m,25.8774,40.651925064823196,38.48909718968733,4,58.7513,54.3085,0.5686,c,,0
f,m,37.0433,53.694680216648,44.65511106577552,4,61.9874,63.5937,0.7794,,30.0622,0
m,s,29.5882,35.36060117558937,49.89527013611958,3,57.1039,67.5655,0.4101,b,7.8427,0
f,m,37.3990,42.63238907618313,58.67963594428689,4,51.2537,67.8889,0.5347,c,15.1068,0
m,d,29.8946,37.643191421654,22.901017524299395,2,51.6147,69.9763,0.8064,d,,0
f,m,26.1676,101.32038904089767,43.72955979726611,1,53.3834,64.0580,0.6517,c,19.7115,1
m,m,36.2828,19.706175939998346,50.60447788037541,3,56.7903,57.2342,0.6073,c,44.6748,0
m,d,31.9130,57.79019508508929,52.87502390018586,5,53.4709,68.2183,0.8936,d,6.9002,1
m,s,39.2429,35.32290974497475,40.49765556196409,2,45.0157,65.4327,0.1646,a,,0
f,s,36.4610,29.525837968393418,53.0412811643318,3,59.7030,41.0992,0.1728,a,8.8404,0
f,d,30.8529,26.905137840668502,49.10441461474081,3,51.7645,66.5009,0.9448,d,15.2708,0
f,d,29.7517,69.49850211131815,31.37377573445241,3,40.6700,50.4850,0.8073,d,14.8920,1
m,d,32.1169,22.06805883247794,56.13974994821629,2,48.1197,57.7353,0.9768,d,,0
m,m,32.9511,56.757459472501935,41.04530616465633,2,55.1915,65.2230,0.5258,c,14.3292,0
f,s,27.5913,55.4117838504647,43.69734185035349,2,47.3732,62.9380,0.4250,b,10.5764,0
f,d,36.2097,31.024138807854793,50.45339497887537,4,57.2642,69.5252,0.9536,d,36.6733,0
m,m,30.0132,26.210993629203774,40.42258175863932,4,51.9507,64.9140,0.6209,c,31.8722,0
f,s,29.8849,42.58536592850125,40.70298253118598,3,41.1218,60.0121,0.4167,b,34.8254,0
f,s,29.2966,80.4837542559128,34.534585965856564,3,38.7410,68.1671,0.4344,b,33.0318,0
f,s,33.1551,51.97921420287321,50.81185994513558,1,63.9604,69.6300,0.4788,b,32.6292,0
m,s,28.5397,45.93126666378111,45.18253738343171,3,47.0995,69.7911,0.0603,a,20.4160,0
f,s,32.6749,57.458878950588286,49.67803390815536,2,38.3597,68.7769,,a,,0
f,m,45.8330,64.1902879109198,27.292733302008322,5,55.8174,68.0995,0.6348,c,36.6460,0
f,m,31.7320,60.59854505285335,49.243645094751066,4,50.1871,58.5423,0.6897,,19.1273,0
f,d,29.8300,27.457588162446143,27.927078765622465,4,41.4493,65.6982,0.8840,d,5.6509,0
m,m,23.6616,26.53332259974377,52.12415814820851,1,55.4476,64.6316,0.5744,c,35.6715,0
f,s,32.2511,41.387750156847204,45.594965200206396,3,48.8358,67.3710,0.1471,a,12.9702,0
f,m,26.4538,34.11922665143876,47.874806666484005,6,52.4144,67.5150,0.6885,d,,0
f,s,30.1222,95.25309149396085,53.84031226465365,5,65.4776,64.3560,0.1613,a,16.4194,0
f,m,32.7580,37.99601662667472,45.267841436476154,4,49.5772,60.4129,0.5319,c,,0
m,s,23.3451,118.5321869640612,41.186985623673294,2,53.2888,68.6049,0.2017,a,26.5533,0
m,s,32.7873,41.43552679764446,35.65418907138704,4,45.5031,66.0078,0.2763,a,37.4368,0
f,,33.5226,70.65622663687343,41.74510181130159,3,37.3463,62.7685,0.8706,,,0
f,,25.5145,19.9014097432867,27.302197691822084,3,47.2128,47.4514,0.5544,c,,0
f,m,30.0385,30.932582296309455,49.66684724589603,3,54.5718,67.8027,0.7481,,23.2419,0
m,s,22.8467,26.66906366689219,44.43294999819878,3,48.8489,66.5070,0.1521,a,34.3019,0
f,s,39.8775,63.44111556649008,49.059228301012894,4,50.5875,64.1036,0.4459,b,16.5521,0
m,s,33.6528,72.31713016135669,17.503145731852694,4,44.8391,68.9288,0.3924,a,37.5440,0
f,d,31.1021,87.87085762654395,52.07983293560579,3,62.0715,63.3803,0.9767,,,0
f,m,31.1828,20.370833958760098,47.832649246707575,5,60.1643,44.3282,0.7413,,,0
m,d,37.6572,66.10411494788389,49.94384146038233,1,66.3163,67.7642,0.8230,d,,0
m,m,31.5292,43.17495461919292,49.44944430633638,6,47.7504,65.4147,0.6805,d,17.5734,0
f,s,33.6541,88.52586798444062,46.2571324195682,1,52.1330,69.1239,0.0671,a,38.1455,0
f,m,39.5931,105.36862871536884,47.96637274111749,2,56.4810,64.8904,0.7833,d,,1
m,m,30.2692,47.54860557714472,35.48879695739294,3,57.0767,45.0761,0.7255,d,28.3627,0
f,m,26.5368,92.09082956168675,45.378017874742966,1,56.0053,64.5280,0.6989,d,,0
f,s,27.8775,22.487923446723656,51.21929580326242,4,58.4947,68.3188,0.4277,b,6.0284,0
f,s,39.1433,27.3993038129181,41.82604502467542,0,54.2498,67.3949,0.2724,,3.6151,1
m,s,32.4571,23.72519272146647,36.221551071877755,2,55.4595,63.1079,0.4943,b,19.7242,0
f,s,29.4883,66.25337875390028,26.33847134884271,1,42.2702,56.3845,0.4060,,,0
f,s,36.8682,37.57752152292634,36.19964497910711,4,49.7368,65.7713,0.1060,a,38.4557,0
f,m,36.9898,47.19816700680703,38.72365069943255,4,57.7297,65.2849,0.7726,d,15.4839,0
m,m,29.6218,72.63168475302015,60.7111517026088,3,56.0872,58.3986,0.6619,c,,0
m,s,27.1403,23.388642706414416,27.513717059166265,2,43.6074,69.2212,0.1505,a,,0
f,m,24.1474,40.582334251972625,49.90897739954419,4,48.8330,48.8533,0.6130,c,19.8145,0
f,d,23.0306,28.64003852521034,30.12689382849254,2,49.9337,65.6247,0.9498,d,40.4534,0
f,m,30.6751,38.892522466669135,43.12852031610964,4,46.9555,67.1794,0.5325,c,37.7548,0
m,s,27.5340,46.81375368404187,35.48462112730502,3,40.8972,59.4473,0.0449,a,24.9918,1
f,d,41.2924,39.15819245329732,46.86862401288522,3,60.5212,67.9256,0.9671,,28.1097,1
m,m,32.2927,32.61400954884153,36.05955619723606,0,57.2197,68.8917,0.6490,c,26.8846,0
m,s,22.2893,40.27255973036333,44.46465510602436,4,64.1843,67.9100,0.4804,b,,0
m,d,39.0936,71.85833155853729,45.97286893331648,2,48.5358,62.1855,0.9534,d,6.3685,0
m,s,32.8086,28.844186875516616,45.13197655985987,2,54.6517,69.2573,0.4458,b,,0
f,s,35.5249,43.75802237205236,25.33448830116826,3,56.7030,65.7985,0.2140,a,36.6120,0
f,s,35.4102,74.32690764898297,32.6275826916313,3,57.3356,68.1197,0.0036,a,28.3569,0
m,m,33.4828,34.44854450017889,46.69497418305247,3,47.1605,64.4774,0.7950,d,17.4625,0
m,s,34.6167,58.50635176139844,48.544031941233015,6,52.9946,68.9582,0.1483,a,20.1942,0
m,m,33.1938,23.099600853190115,53.087213046044226,2,55.7137,59.5905,0.7970,d,20.6123,0
f,s,26.4681,30.48342606501637,39.800895497647986,4,43.2125,51.9689,0.0813,a,16.1146,0
m,m,33.8337,59.16826565362466,41.48921544779807,3,59.3225,67.3070,0.6334,c,11.5801,0
m,s,37.1195,19.67888187064916,41.59644837604479,5,60.8507,66.9361,0.0234,a,34.9760,0
m,m,30.9497,24.981296259850538,46.01475234573718,2,33.8375,63.6194,0.7208,d,38.7280,0
m,s,34.7565,63.867096820971796,52.86782275705507,2,54.5741,60.6022,0.0140,,26.8583,0
m,d,34.0979,66.07739473836352,32.85118392199384,5,55.8043,69.5797,0.8967,d,13.2592,0
f,m,41.0783,39.87320013799076,48.24539148551887,0,57.0919,62.1373,0.5881,c,,0
f,m,30.7362,63.315149085389464,28.138262684956764,6,52.9583,58.2166,0.7928,d,,0
m,d,30.5400,47.125372691154155,46.2527359457798,3,46.5208,58.9909,0.9240,d,39.9762,1
m,m,31.4153,38.32124339918125,50.739039575630606,3,46.7258,65.9587,0.5784,c,16.2426,0
m,m,31.4880,47.03548984532479,36.375556534617324,6,48.1916,57.8878,0.5506,c,15.0758,0
f,d,20.6369,28.124795606870492,55.15805837189752,1,53.9502,64.4558,0.9283,d,,0
m,m,28.7870,50.830848743525124,37.10966905039668,3,62.4305,68.5532,0.6915,d,26.6310,0
f,m,33.4994,35.11840183935945,42.707560660526696,0,50.0193,67.6445,0.7925,d,18.3997,0
f,m,31.9587,34.82607042860645,41.34781955776001,3,41.3684,63.7119,0.5064,c,18.2827,0
m,d,28.0033,182.38339681329384,46.01188474846304,2,44.5150,64.3718,0.9942,,17.1001,0
f,m,28.6761,27.895262669225808,45.16020159976346,4,53.1778,58.6576,0.5626,c,35.2958,0
f,s,30.2219,30.822146442098195,26.131425056549745,6,46.3822,61.2158,,a,18.8242,0
f,s,27.9921,19.652268877060425,45.72065634341177,5,54.6984,68.3228,0.0408,a,,0
f,d,29.4347,120.75143876666614,55.52792076364004,3,52.3860,66.4546,0.8416,d,14.9138,0
f,s,29.3030,60.94513907029309,49.47923883237553,4,60.6406,59.4621,0.0921,a,19.1288,0
m,m,36.4769,122.4152397155361,49.73780019369137,4,54.2080,65.7110,0.5868,c,,0
f,s,37.0820,40.08319396903821,42.72469093828056,3,51.0160,68.2155,0.4990,b,20.2734,0
f,d,36.6679,97.5825766432842,46.66647463520116,3,53.1833,50.6371,0.8146,d,35.8793,0
m,s,34.1335,25.939439354381154,44.76546838271612,2,46.6103,65.8269,0.3696,a,31.8170,0
f,s,28.4584,45.021178572972225,57.06453391463423,2,38.8143,67.4155,0.1654,a,19.0550,0
m,s,36.7992,27.929784298792068,34.85769592344181,1,42.7485,64.9886,0.1786,a,20.7526,0
f,s,30.4287,41.81864756918414,30.675272206334295,4,54.1347,67.4941,0.1175,a,,0
m,m,32.1153,81.75286232098527,43.056394581295216,3,57.1183,67.7933,0.5193,c,27.7881,1
m,s,38.6911,85.15647084751942,46.372907704130526,3,56.5686,62.4167,0.0712,a,29.9558,1
m,s,32.4200,60.27698496203183,43.59433990508123,5,58.8446,58.8988,0.4206,b,33.3428,0
f,s,33.2364,39.53990847414204,49.27387965659862,3,51.7619,66.3204,0.2307,a,12.7991,0
m,s,24.9361,47.62085720916245,53.110172355162305,3,49.0522,68.7717,0.1422,a,15.6430,0
f,m,34.4350,64.16711629965512,50.63173756591508,2,50.7187,65.4789,0.7309,d,48.1177,1
f,m,27.1000,23.47878951572438,40.07469476150602,1,50.6444,66.4055,0.7985,d,32.2553,1
f,m,37.0597,41.44685612126959,46.972997537108675,3,50.8926,65.9947,0.7410,d,,0
m,s,31.0770,45.82998400503617,15.428382737681517,0,52.9244,68.0801,0.3947,,,0
f,s,20.8192,56.87540002018089,37.12516484294492,2,57.1965,59.7245,0.4739,b,23.3615,0
f,m,30.2099,54.21873277410063,39.643435554689276,3,39.9275,68.4185,0.7190,d,15.0555,0
f,m,30.8598,42.60593884006923,43.84106638315705,6,44.6673,69.7241,0.6431,c,24.8930,0
f,m,34.4274,36.46959046422774,42.18425177834167,1,58.3578,61.5695,0.5344,c,22.5758,0
m,s,35.3526,29.7369472285621,52.02653221403004,4,58.3367,60.5028,0.2396,a,34.3237,0
m,s,30.3612,33.92885878868923,18.619483595226438,3,56.1039,68.0904,0.2514,a,,0
f,m,37.0643,69.32762229409836,44.14891119200828,4,51.7688,68.6669,0.5503,c,26.8875,0
m,m,16.1647,33.134167018171844,40.11164888488886,1,43.1867,63.9186,0.7885,d,13.3097,0
f,s,28.4301,30.809440809146977,41.76109488701671,1,44.8961,52.3522,0.3772,a,23.7862,0
m,m,26.4382,41.68946001334442,44.63428139753932,3,44.5257,67.9489,0.5628,c,,0
f,d,25.7291,74.78369908387742,53.95014157133777,4,44.3852,64.5642,0.9892,d,16.0065,0
f,,36.7985,38.212621615014854,41.3293672388816,2,44.2552,67.8507,0.3562,,,0
f,m,36.1459,110.21559680844747,41.43317688985081,4,46.8432,60.5260,0.7935,d,38.9513,0
m,m,,37.384946160387955,45.381660200401996,2,48.8185,65.5941,0.5859,,35.0543,0
m,s,37.8903,81.32102027785707,38.38466647998689,2,52.8334,66.6655,,a,40.1243,0
m,m,32.5073,68.9313055674533,54.86396884354684,0,64.2064,62.5273,0.5101,c,,0
f,s,29.8916,34.007788919467,40.30181054777526,3,52.9046,64.6937,0.0677,,19.4934,0
f,m,28.5354,34.286010287861814,37.766883435595815,3,39.3862,68.4279,0.5859,c,9.4230,0
f,d,28.1086,31.83558797177344,9.54645927534431,4,55.7798,66.2325,0.8325,d,35.6719,0
m,s,34.3639,97.49888164333852,38.786294572461365,1,56.3799,48.0561,0.0686,a,6.2357,0
f,m,35.2508,51.90267614791655,22.81359018291014,2,44.8781,58.6941,0.6470,c,,0
m,s,33.1925,75.41998023326532,53.82489803725066,0,51.4356,64.9764,0.0510,,46.3035,0
m,s,21.7489,170.43087805205067,32.358857910528,1,55.3604,62.4388,0.1131,a,35.6160,0
f,m,33.4818,81.61525039468374,38.68734973120471,4,41.0964,68.9249,0.6263,c,36.1013,0
f,m,34.8270,49.58396897948313,29.01899120073769,3,47.6309,66.2686,0.5347,c,36.3217,0
f,s,28.6540,89.97195286099937,51.21691981759395,2,46.6970,54.2357,0.1894,a,,0
f,s,32.2163,30.447212891990915,45.77781095801423,3,55.9520,68.5412,0.3442,a,39.7126,0
m,s,22.6806,35.31176463991068,48.1935153837268,6,48.5206,41.9088,0.1137,a,,0
f,m,25.8502,46.76252036238082,48.45732537352485,4,49.3645,56.8078,0.6911,d,,0
m,m,30.3788,53.78450328020254,47.56344030232658,4,46.5605,61.8886,0.6803,d,9.5617,0
m,d,30.4512,34.726902543390565,54.46252129677088,5,43.9558,66.7254,0.9621,d,,0
m,m,33.7584,48.270781180630216,51.25733377898516,0,44.1175,69.3238,0.6882,d,25.7514,0
m,,26.0654,49.77158170229151,38.574148464884246,1,50.8066,67.5562,0.9179,d,6.9831,0
m,d,30.2940,64.94987636279811,51.512527725257534,3,47.1735,60.5436,0.8027,d,,0
f,m,29.5511,64.96323146414684,30.873802512745776,2,60.0155,66.1673,0.5824,c,,0
f,m,34.6401,21.62890052224563,50.74251418267202,5,47.4947,58.6322,0.5415,c,8.7788,0
m,s,39.1052,50.48364314379461,45.60986666187355,3,47.2098,68.2984,0.0989,a,23.2634,0
f,s,40.6046,35.32975590514046,38.74592269819671,3,54.7220,57.8492,0.1726,a,33.9095,0
f,m,24.1578,27.163144376902114,46.56190493593458,5,57.4162,56.2316,,c,36.6035,0
m,s,31.7599,33.26534365933772,50.30705940748541,3,52.4113,61.0341,0.3791,a,,0
f,s,26.4374,100.45707295381442,62.17786396571721,5,60.4942,68.4028,0.1180,a,14.3606,0
f,d,31.6763,17.070291686695374,38.71940256904126,2,49.6138,68.2348,0.8093,d,,0
m,s,34.1146,60.87492608456895,36.348301874998675,2,49.9371,69.5348,0.3712,a,,0
f,s,32.4075,74.81553953915827,51.64712499789452,2,58.6400,69.6314,0.0712,a,17.1528,0
m,s,31.7549,29.43952239532301,46.290821833440845,3,51.6670,60.5955,0.1054,a,,0
f,s,39.4152,19.63073947639064,51.31227454775418,2,44.5260,65.2657,0.0590,a,11.7274,0
f,s,35.6049,54.207781827779634,53.7198265780179,4,44.5617,59.9660,0.2172,a,27.1247,0
m,m,30.6367,62.791420767413584,38.170187594901975,1,44.9262,67.6737,0.5536,c,,0
f,m,32.1211,28.51820562346859,43.423868140828425,1,53.0525,67.0353,0.5033,,8.1960,1
m,s,36.3545,80.00850915499112,51.79997487666707,5,54.3669,54.2432,0.2002,a,33.7682,0
f,s,35.0490,41.53271854182018,39.477044448135345,2,54.7360,28.3788,0.1267,a,20.9627,0
m,s,29.8746,45.093125330353956,44.9135152762657,3,47.8512,69.2488,0.4733,b,14.2731,0
f,m,23.1238,37.95595123749602,29.661634328069802,3,35.5369,59.4249,0.6210,c,14.0202,1
f,s,26.0767,79.72809715485741,48.70386048382184,3,42.1650,64.3141,0.4891,b,42.9144,0
m,m,32.7299,77.53234766512031,46.586590459533795,1,40.8996,69.9681,0.5080,,19.1122,0
m,d,23.0674,32.765295232714365,44.22011313285997,5,42.5507,63.2902,0.9199,d,26.3889,0
m,d,31.2380,157.64130969454737,45.94966268337901,6,63.2894,67.7012,0.8384,d,24.7065,0
m,m,29.7322,65.8193836060025,46.15313855291271,4,53.4050,66.9785,0.7476,d,,0
m,s,36.9963,19.167109420468968,52.24610716075647,2,55.0285,45.6204,0.3963,a,20.0525,0
m,m,25.4098,56.55386016652566,52.14082298837254,3,43.2530,60.4980,0.5706,c,,0
f,m,22.3412,34.58452867932621,43.81608167386643,2,40.1813,69.6075,0.7266,d,35.3520,0
f,s,29.9018,24.715368056820726,43.41559099746533,3,56.6474,62.0026,0.4373,b,15.1927,0
f,s,35.1738,40.16727843429827,10.861569422879588,6,51.7294,69.9084,0.0472,a,19.0909,0
f,m,37.3496,51.86996369934972,40.358007876081494,2,48.0998,54.7872,0.6657,c,,0
f,d,27.4534,30.696768121632434,44.06260830938392,4,55.4192,63.6438,0.8696,d,8.8527,0
f,s,34.3513,36.77906196136762,41.30544812194565,2,56.3997,63.0247,0.3104,a,13.9052,0
f,m,26.4428,28.151942090426317,1.0544914645820862,4,56.7421,69.8839,0.7906,d,36.1904,1
