x1,x2
3.023751900048053,1.9836709081519803
3.121063825569564,1.9910236531934158
3.005478126756205,2.086025632633053
2.954866729276147,1.9830768145159614
3.0084504987937324,2.0011345407059427
2.940143932432302,2.0097139830741693
2.981741007742683,2.0546629276097654
2.9145748554470683,1.9931726331541146
3.0580242902172436,2.1277567869777423
2.924329094961698,2.0693502908715935
2.949464663401282,1.9996691216449103
2.955170314170738,2.0241320420691573
3.04906087317445,2.086007992794626
3.0012096285195016,2.035709166801177
2.9981980894872913,2.0510436185066205
3.0362208821278633,2.0313735467289074
2.9979937955904314,2.0625341710860625
2.9949673839826554,2.081621195744895
3.007308776897341,2.1419951612019545
2.9909558666730804,2.1572530478347494
2.9828415422650902,2.0588245001799756
3.0013145297634347,2.105488803807272
3.0088390317092717,2.1548040297213436
3.05434652105932,2.121293869160595
2.9780753384584493,2.0966505714987678
3.06372649343235,2.1144685468170072
2.9281156243132855,2.0742942401243973
2.962430281365879,2.1720419891325715
2.9888027246037763,2.230300660740921
3.0250258240234573,2.127059134873805
2.9695659100527108,2.1731980762356824
2.980595453522357,2.088631483136536
3.0177615374642826,2.134322870664197
3.0504244448875184,2.134924988460973
2.8447997436160692,2.1800741541741653
2.8946945164955937,2.224291517236621
3.0784854968112683,2.1286694801862343
2.931208726903846,2.0853588427178367
3.032723724390306,2.147884198234411
2.9564030378655284,2.149383403180606
3.0912251737850402,2.1837682594621346
3.0223559793432386,2.2090143271885236
3.0360123155497027,2.227947213323409
2.947503295676916,2.169270725101029
2.943272051354909,2.149027598129667
3.037512350899407,2.162744329356489
2.9778699928038685,2.156564910709679
2.9532090054611224,2.2348221697710855
2.9577993188903653,2.176459226715918
3.0031073056669335,2.2302415163570304
3.0196225748078556,2.2164003488411264
2.8897578743926506,2.243675142337873
3.001326508941526,2.2665380050874258
2.933321583742109,2.3467230425186
2.912707416637778,2.2618695667389015
2.9754969036809857,2.201387957291996
3.011912665886755,2.218915531605096
2.855276827109937,2.1778940960878383
2.9933426124862663,2.350452095750386
2.896665725738478,2.244416838253061
3.0406675172641164,2.27926888758271
2.9467592665001643,2.1823480549851824
2.877219502960539,2.2183692267439747
2.948568737858933,2.1508628571143933
2.8791185183969707,2.2805211936547134
2.9417252735037716,2.231185304424441
2.9403573077636884,2.2341999469488245
3.0060978392035924,2.359989265435067
3.062980913297415,2.317689443655528
2.9945893810245283,2.3597071151911577
3.0456263550754494,2.3605951864175694
3.0163155120713294,2.2633555798704887
2.8748685835349157,2.340936372938418
2.9502355641178934,2.298929916653766
2.9092485409579667,2.241299862329556
3.0208224171377873,2.331958621807208
2.8967009927903797,2.333240630818902
2.9643128086910693,2.344237341259991
3.05842889944288,2.3195797686161486
2.879842823303558,2.327647557990556
2.9125660169447882,2.3551115933439224
2.9542611492171957,2.3493796647655976
2.9134965646963735,2.356732120512038
2.9135746569466194,2.367378187564585
2.9233255671424105,2.2929064445338714
2.9614515965766075,2.3139756923053336
3.00753837696974,2.3749450426488545
2.9588375661685555,2.3618691740929894
2.9312123536113313,2.242429885045603
2.9929068638859153,2.3247084978063834
2.9779529194802143,2.3355201880776786
2.921557199111793,2.3622958249432875
2.8745293695402125,2.3677681638131096
2.948621202658658,2.3603702844780163
2.859398657288672,2.35347634720568
2.9340921372723874,2.4438106918013007
2.9640787384960965,2.4068346905492
2.869459087024122,2.439266913969632
2.917570395089864,2.387962312405932
2.9600515613172904,2.4346434879205683
2.9374342591090805,2.3498159567517196
2.8814502165215945,2.3262359311618312
2.9199828624389723,2.416572245518677
2.953306125996167,2.4297569165705495
2.8884461271751145,2.5276808049874124
2.8525287261148424,2.3594746437776566
2.873679164997283,2.4592650129497833
2.8836603056086907,2.4129837094398576
2.8447944234957894,2.5119132992667077
2.86567072198285,2.387783587534362
2.889023573318636,2.4040713860118563
2.8822349068680224,2.5159223226683594
2.870405149265782,2.449945633306834
2.871904121404391,2.4477771102999157
2.9275937370140532,2.485812562978773
2.8690075812775597,2.4149578243425394
2.8772634092369707,2.50864691214199
2.880686312803741,2.465594963439152
2.7889546224041775,2.527133618168725
2.8051897256125287,2.4155832252646574
2.85680742027823,2.4830952806004545
2.875360337435392,2.4476052211251593
2.8568863392740793,2.4583725972926183
2.779497673681467,2.4803631671747306
2.833001988262349,2.5170325049719304
2.8591969527938867,2.5471513075006977
2.898868046303049,2.5496467046930578
2.9222268836967236,2.542707890596503
2.8519542732554575,2.578943188169542
2.8110076097601584,2.513630659184297
2.8973527904947214,2.506307229799334
2.888189704167438,2.482174751070404
2.823061489841103,2.552733160516968
2.8841978515822246,2.5900897316157203
2.8415845111382567,2.546189154323315
2.873400346024387,2.5605893369003248
2.7766226723176537,2.5107200641336584
2.9102042090172433,2.4805081601169934
2.8665981403242102,2.5258709113422433
2.8853380563543323,2.5133103505099794
2.83422388505769,2.4519779606319347
2.828555828025821,2.6122100282931404
2.7522369049110287,2.620672528205612
2.7885743492312063,2.5605218563090024
2.6831028112069957,2.6227796181227596
2.7763869165120356,2.5436475862367725
2.7540981764617696,2.523707839245355
2.872212087259337,2.5519985399552136
2.8579005473797663,2.572123318332868
2.8267528243197746,2.5603438315737606
2.8298963204572543,2.7171603006394984
2.8368992856258775,2.618635245475804
2.7795673582314335,2.6459920769399465
2.869712434321996,2.5127675810154186
2.730612661749059,2.706199660696103
2.81901486730393,2.6119772138950745
2.820051556955434,2.6614313750687715
2.831699617747911,2.5986145733036907
2.8927160823157747,2.615003795812524
2.742980582069706,2.5913342381267572
2.775592918266065,2.603066694054519
2.771544298194348,2.640923119159715
2.6155575854462203,2.5892477962199414
2.82127069406023,2.6576261106703813
2.739038158030833,2.603349393727008
2.828061810169769,2.6239731715248973
2.7400345220525106,2.7349792014005767
2.7466338968765145,2.6787745023896337
2.758479831144896,2.650221488744701
2.7109370549083924,2.6100112062253196
2.818460089269107,2.5975182816758857
2.7676834438998643,2.5978168831015713
2.7387466901088215,2.6589494570293524
2.66755288143717,2.7197596099209957
2.735162447653693,2.7261388846968178
2.695644393313259,2.7157921607597206
2.8573465178141224,2.6852388701197913
2.7050516148406354,2.7010093175492873
2.739718839608315,2.6684330406556107
2.7257869433960566,2.653890748056387
2.7489941193614698,2.665473927006214
2.6829404098788565,2.729479420083832
2.714514821641883,2.8230256074357474
2.7083445676645694,2.6586636909335852
2.6893215766348737,2.7179592426913346
2.677027319436158,2.638009562784545
2.791395148053983,2.6428810641942264
2.7842613042005393,2.712644282392846
2.6515156644791222,2.7919606085980297
2.692862794149751,2.6618610217865912
2.702447680249848,2.780094755363375
2.729335836081633,2.7592445825668026
2.7816786886133045,2.7327949487908625
2.707832347210976,2.712103541360629
2.6120190801492846,2.720973802652868
2.7666644657682125,2.6441304014140288
2.7459715794044897,2.744537387111568
2.6327167831496916,2.7392812510988733
2.764270691644633,2.709379803999978
2.7110900087231764,2.7986776218212843
2.621760882240132,2.7749908119603104
2.692945711005581,2.723292828881841
2.6948429476530453,2.7319587511211703
2.6286706805074886,2.6877526057757306
2.6746371506315647,2.731660179816936
2.625394497754957,2.700421574825212
2.581410634011332,2.720885695595912
2.6834816460716038,2.723512701620909
2.714765427927103,2.7865335947635184
2.6474790691815664,2.7071517925574233
2.7330609358787723,2.699557911053615
2.6596649739644853,2.8578902606985417
2.6206721549988834,2.7421678262986484
2.6255138740454598,2.8244835222452536
2.6919006229279003,2.8124019316331865
2.5661609710689617,2.7493083940340233
2.626487351121732,2.7221057023047646
2.601626802476342,2.8994382203418154
2.5572174885126913,2.852353446207735
2.5609005579589756,2.7766992688097027
2.6002903788860947,2.7211331619519
2.596755631002453,2.8634840887368567
2.6325494776120695,2.836552792284828
2.5530867719916612,2.7971141056415325
2.599234058125113,2.8418372332907316
2.6539151611096408,2.7599653444522465
2.669025444657969,2.7982273997841642
2.5666312263030138,2.7536362415903692
2.573091899752722,2.805592453005085
2.512092479527927,2.8061343578637623
2.575597820134554,2.8012880239623232
2.604648459397643,2.77333614098983
2.608209528424312,2.815303379890973
2.577980682932086,2.7372426827120417
2.5626420408724044,2.828486719999767
2.600253201952945,2.77594019177678
2.618142318697137,2.7790726852459113
2.610771291760778,2.867183265466323
2.503514553064905,2.9488906501213026
2.478735879592232,2.834273704096833
2.5449136188866683,2.8704964755797677
2.540563516072478,2.8874362856992777
2.551823079940634,2.851825763026765
2.477558876053137,2.8344857982668827
2.566301029206178,2.7952640808756737
2.521231207311987,2.75342448752847
2.479766954803042,2.7766707540977733
2.5712938103691054,2.7692638122468423
2.4939538164509294,2.89819507089452
2.5314624588463586,2.9012731129878837
2.551739439434788,2.891734855965076
2.5366490398956643,2.8643227286355115
2.4900331467858767,2.782716272841154
2.4967171516209,2.9349664031363325
2.4468406192223013,2.816171028531287
2.486040998256823,2.93272270764603
2.5366813915446254,2.8039073056131767
2.4946348038085744,2.8473114721805413
2.4832848552175393,2.7687588856312293
2.5124405363847577,2.8654306445835216
2.4735020845836453,2.879197430153837
2.4073986307671493,2.9153980598256055
2.4287020277467666,2.8563767435192218
2.48414769610543,2.887353472069754
2.413547748192739,2.9413493497467313
2.413848943494462,2.8952135004839374
2.4757387185753994,2.9447195852939236
2.4960894605339825,2.9837571154217164
2.4337391996826403,2.86188978900778
2.5112474909665203,2.973576482660108
2.4094314793144362,2.9399931157021753
2.4031238546069185,2.8288465889133545
2.46921021099928,2.9264798882058862
2.418380793553875,2.995581793876407
2.4814022243591793,2.8806859047308384
2.3508408931001425,2.8183747550366878
2.4012359100108007,2.8957782134418926
2.415382318681896,2.9181149175940653
2.35867446127512,2.8970781820006724
2.3129404332209207,2.9832592985083157
2.3588562032906664,2.9533564782926716
2.347189227065629,2.927615833640806
2.408054264097721,2.9112234231972507
2.333449787105811,3.044286442141617
2.3613776239688025,2.9569078156528814
2.362506063111906,2.8935513047497787
2.4289213812380015,2.9517932789753
2.3747688580498476,2.8180810601931916
2.3679228187735624,2.977557127717983
2.366017514667548,2.928382246538461
2.4071860534973952,2.949579742484862
2.372114364382868,2.9908341021073857
2.3904985743897345,2.874830250113412
2.3510869581998834,2.9042575294566957
2.2304591622328305,2.958517423899023
2.241438493578836,2.9219945954859954
2.199718015049724,2.8944528084478103
2.2958880548540144,2.945836590433955
2.2900790396811943,2.901877810536823
2.265755579503602,3.0271914550661787
2.284218296318474,2.9474907131704775
2.3974616047572437,2.8674667180757543
2.194394681911843,2.9016056314157734
2.2758947898539414,2.8980142540180993
2.2901908461017593,2.9518461724715035
2.2096791519353234,2.965389992579941
2.2114630711731973,2.993991184364221
2.2917111312528804,3.0692200482125678
2.3151211766746167,2.9504876406883414
2.286663623537209,2.968780189998212
2.2292324679158426,2.8909350280930384
2.3165913885357936,3.041329916929217
2.23696366474036,2.954145643989336
2.230828844358977,3.016530892133855
2.3103679316531824,2.922942667353658
2.2290395791424884,2.9415789772613334
2.256177574462513,3.0072797424625017
2.2914549922363263,2.9579347058770136
2.1845169468876775,2.997867525602584
2.2604636998881746,2.9552957712876067
2.2354638751739087,2.9903186850446386
2.266609745938463,2.9779441485459635
2.241738144429509,2.9848195343858555
2.164761548762606,3.0133491186609698
2.2157418257368913,3.029554832547297
2.146717531838462,2.943690100365235
2.216673129478318,2.8914120917043773
2.192390945059867,2.956544246504976
2.173817320479419,2.967545045043067
2.077974018393856,2.983361274424351
2.1890150624569915,3.0354773735622445
2.2538677450229736,3.0017070870185854
2.222899634720596,2.8627896576364846
2.199196073069963,3.0406160312028323
2.2128870294931833,2.9962907117995443
2.1456912904337537,2.969845950692119
2.1623355639124275,3.0086862429826864
2.183782398807209,2.983018157552925
2.0895750562398177,3.0792220537624817
2.1049462051721672,2.854915546535646
2.217285514044032,3.0401426894526766
2.148415310572826,3.038036212219456
2.1567223917970315,2.9497715993927978
2.136906796423976,2.9296988786701634
2.0939643103752816,2.949176839578406
2.130639517992255,3.0453962567609763
2.087403316029474,3.0164943758882306
2.009257620388422,2.9389302838307545
2.13934896082559,3.0452200711205184
2.153179744700197,3.0469823774352633
2.0232826170599743,2.9681831681982245
1.97139719707093,2.9882504466506297
2.105774284367534,2.9797415798576665
2.0414193036693593,3.0165511887838834
2.1123787818206594,3.001258576217445
2.0516052597318897,2.99734748046565
2.0794838803756237,3.009298229787615
2.1045188446045846,2.9951128000147946
1.99668682130681,2.9836778752342052
2.0827403908441813,2.976872722086657
2.0723161866217548,2.964926527973301
2.124752290190512,3.0179172837712134
2.0589185895036013,3.036950123516654
2.086621491488314,3.004163619479214
2.0934250374362406,3.0331387947888566
2.049769473658649,2.999120720825047
1.9803117651255144,3.0082128304820692
2.040845771708711,2.958512322240739
2.0947679686964484,3.000863692883607
1.9672426344439686,2.978248997405431
2.0173480098294534,2.9999297895279904
1.9740676894738107,3.003301310916815
1.93774680157029,2.9781311064689433
2.0298042117146364,2.9646695943760166
2.034405675688661,3.039374155745231
1.9669560801985946,2.8796130719705504
2.0362747935924794,3.0678140952335387
1.9111426006878292,3.0087045272907105
2.0016260534470054,2.921507343792098
1.9549045275005172,3.064946698270204
1.989409112122524,3.0004265481551826
2.031257463568151,2.969007668364698
1.8790029441997715,3.067738271097231
1.9253181376654331,3.0006090240425505
2.0164130233562574,3.0158173383241724
1.9642751595180918,2.970856764331884
1.9823500847373552,3.110164745151066
1.9203666742017782,2.9426711380995907
1.960898771419055,2.9642885142075337
1.9474087487280698,3.002168822299421
1.9620953357698203,3.009626606878931
1.9495588460000022,3.0636808515566054
1.8796527226152588,3.0022127706586934
1.9406814488832715,2.9382450654359973
1.871832870915269,2.9812393542686784
1.8907671173685434,3.054989369856428
1.9190739756882673,3.1435175200246332
1.890016799290603,2.983836014607436
2.018476727228275,2.968763676111891
2.0108884790427792,2.8420559215143584
1.8627115356175248,3.0662322449238513
1.9722773196853967,3.0198066082402697
1.8538291228374892,2.9889658848353973
1.92305168358556,3.012098901003397
1.9273411474427924,2.958461772078488
1.915621165972663,3.057519627876963
2.0273601972495023,3.030481027970783
1.902045859150836,2.9515183682781707
1.796989868062984,2.8774716914492404
1.8819679002698013,3.093557569654192
1.851165616293927,2.8662408145966407
1.8619177992349667,2.981458661689385
1.8273035595519591,3.078765646482415
1.9032651514151246,3.065400357151721
1.7990631893356934,3.0107724104779194
1.7806257555038592,3.046823403850261
1.7743117027789086,3.0521843799978168
1.8385480761929935,3.00017720196967
1.7509137997255326,3.0225689892698657
1.7242907917746386,2.9234225865701275
1.7665476838247898,3.089998785280464
1.8139475889080374,2.951554210683967
1.832320048024965,3.0999101449894653
1.7929945648850487,2.9297939698402415
1.7405526755865606,2.9788526774480095
1.8769305481388834,2.9734017514799653
1.7756133780152266,2.9316367342472005
1.7277151112975702,3.0308196521156336
1.797430390187082,2.9997135549615503
1.7072678824207737,3.0046145343263806
1.7879325125981358,3.05169691953542
1.822400994514427,2.9638307920779976
1.7806054339341901,2.9891766996910283
1.7555375791193795,2.928823469693629
1.801353580094503,3.0838089317343957
1.7461048783485844,3.0520847711021672
1.7318874691221358,2.953051385838807
1.7424560158150628,2.9540108991522547
1.7884814153013031,3.024368357933286
1.6062457342460563,3.0058587280837297
1.7507193747573935,3.0552027010164458
1.6832248491806152,2.9698105081219266
1.7865645489957376,3.0068301986330725
1.7953561677460292,2.922921980106799
1.6820693447449788,2.9892588015375123
1.6420859115536903,2.9812217189953585
1.754924062685734,2.976097046744071
1.6359551579150236,2.9286784372988093
1.684212997665436,2.975955299982322
1.7044842939272162,2.9333138209165597
1.6056888736878725,2.86036916143211
1.63465234298345,2.8981110488340525
1.6499677165004278,2.8945540519352857
1.6691180057718689,2.916018565428929
1.6823750406786875,2.9455340585908414
1.6994230005615216,2.8957004385179705
1.6223501880597455,2.885716367216225
1.662698023008977,2.9775235199771064
1.7145355461293263,2.9472146790737868
1.6464829493725395,2.97442686625818
1.6467138093968599,2.8862335778255632
1.6821065774589434,2.914936965632343
1.5659031088413178,2.9243935468154776
1.5949571400515914,2.9311574421715987
1.5981058081374473,2.915612777897874
1.6001479436226778,2.922584044982752
1.6544131024011317,2.938741395950044
1.6207982765812232,2.975929481024562
1.5498059232090708,2.9326046835098305
1.67217597320995,2.9512284644470927
1.6668431105923154,2.8760307386973274
1.6636206337578492,2.882754812558601
1.6582385220313896,2.9310947737118127
1.6416859082231163,2.87781612503416
1.5827350783615468,2.824590037180273
1.609903452957233,2.9500447807055834
1.6074477981505522,2.9681288022913215
1.6138115641110735,2.9156725950822007
1.6094670180890118,2.8812429917059763
1.6230411808571843,2.920373890359066
1.5920015888584333,2.898265997884147
1.5425854364572487,2.856115017393809
1.5528791831323496,2.936981460366417
1.4760876085257408,2.907051576297476
1.7368776015411322,2.9114562159997934
1.5490305498416275,2.919376279445264
1.5468995635114309,2.9031265334597887
1.5589299484239614,2.848400028599979
1.607376606638312,2.9068341467003354
1.6001717564942783,2.900216681914585
1.593392159512065,2.8941751192600726
1.6899087888925057,2.9461291895003887
1.6013210274443248,2.8845605192380135
1.4538653734481053,2.871245549891939
1.5516090031680754,2.8916005165880287
1.4962635560794577,2.8470628304445
1.4598708480588742,2.859757777511243
1.5467523628249649,2.911200820755996
1.5422155741368302,2.865808394068714
1.5173233886232147,2.872096020620423
1.5262434494431096,2.8845939473757767
1.5280671432261599,2.8619376505689926
1.4920248863349599,2.933357887807843
1.5545994217015826,2.758449312588026
1.5032234924915386,2.8763355360642224
1.5242989778541025,2.751545020415682
1.3928264190739046,2.8326699875255645
1.4781823417046762,2.794834702290376
1.525365177506682,2.897071685510703
1.4969258064188624,2.8840475797826657
1.4028098607713022,2.832716504037976
1.3402709812342068,2.8871518810459254
1.5087255540806883,2.8551068319223263
1.3986378657772844,2.8347018281674057
1.4954010260564394,2.7712798542801726
1.453871733650071,2.86444239286201
1.4009513576711798,2.801011399655093
1.4937157428777037,2.865257594034963
1.5022048711095561,2.8368288935144417
1.382060488772649,2.8195223637181046
1.3948516993713742,2.805312549658548
1.4491381274008526,2.8917587169666654
1.4276658828626267,2.906707841879741
1.3521482027797818,2.802826047228501
1.4162180854348279,2.7048361899965476
1.3328039233873996,2.7937800083321997
1.4147590893757092,2.8259528800172786
1.408060205899907,2.787716069334478
1.3342450965451267,2.803588664786178
1.4772082964502395,2.8210548610262047
1.3611943640568849,2.803472634476596
1.412805509027315,2.855875639501987
1.360422170278881,2.8152479661658227
1.4113589337303263,2.7748387842299578
1.3771628080530496,2.765922065314885
1.3805195806279533,2.7953762037937264
1.3168974353355165,2.7757274773968232
1.447086158871992,2.7777930725984206
1.2758841227765076,2.84847220448055
1.353918643995017,2.7803122558186346
1.3881155309533568,2.7499587023674215
1.308939755433758,2.731538814560703
1.37016543746204,2.764139027720978
1.3373655772389161,2.869042099169124
1.3602360297911305,2.8059457820025493
1.45152886109799,2.764497532372304
1.3239438859098507,2.7413391100838407
1.347020549045086,2.841383753762103
1.390874158516458,2.7397819164273263
1.306712031609084,2.7836225229896594
1.4220724815635495,2.7178328223457897
1.4067891871675526,2.757713336487117
1.3269657226924245,2.7281574993412296
1.289269241600731,2.7123202359176544
1.3802296322293002,2.664333545111346
1.2963825594704108,2.728680128644181
1.2581763813238727,2.7039217991409688
1.239062750208217,2.75498175090726
1.338102657708152,2.6526093877212045
1.3738855945216826,2.665326193578444
1.2078680395825048,2.626653139301899
1.3190361348359119,2.5942386928847587
1.2885676562476052,2.7191211357936904
1.3375550784250734,2.688829933749169
1.3472381898806092,2.683427411755644
1.329930354566248,2.6505665075017597
1.297035960266296,2.680693279832924
1.287896456458271,2.8020188676816127
1.2764326994086463,2.6924039006732996
1.2798463666216726,2.7033179886715857
1.160659147740727,2.719617691555764
1.2007219670881362,2.5801840615978646
1.2693022793873854,2.6159729660089606
1.273971201985867,2.7301737681450144
1.2584687211210257,2.621473287457397
1.2598578172761306,2.770148281500493
1.2565034345134378,2.7506922295326253
1.3237198726822728,2.602364204370936
1.2917628880318925,2.5926548596491616
1.2714911011038548,2.6832911950284735
1.2323256765282533,2.5717850902355956
1.220062896801088,2.6299816381706904
1.2614612630435318,2.6395048436594912
1.259514247677286,2.6255608291523824
1.1513952600412531,2.6388966743866487
1.2975195550075203,2.59248695606331
1.173100715769483,2.534296753242549
1.3157849975134113,2.575902588713559
1.2740926537693222,2.632814684879611
1.2110876822506778,2.625816467613285
1.307132068704582,2.703249222542515
1.2385260853453963,2.592829554419294
1.2818580550216339,2.6462501520635575
1.213339324193832,2.635420697178838
1.165866644036939,2.6428269741394486
1.1875034609794777,2.59209956141108
1.1423608712818796,2.603062058079872
1.2183797622556,2.5233540392267457
1.2121087637550758,2.614470620048885
1.25670049289044,2.6458009002452902
1.160226392021892,2.647910469686196
1.2115364170994503,2.571548809623987
1.1445359058837106,2.6238413482031806
1.2217261746138006,2.5531554004989307
1.1964993965193171,2.5523272026354444
1.1379055740096744,2.523741392775356
1.2073775585266253,2.581909393311824
1.1928666228130331,2.5737637456165645
1.1732250129806847,2.6036098357413278
1.0885699327291096,2.5972223368757645
1.109366247222185,2.5409927860987116
1.170196314946612,2.548938942015369
1.183093727298981,2.499245901847406
1.2426368037608717,2.5920647021114767
1.1813061511799878,2.5715558099857767
1.1352616270041809,2.4466457319584305
1.0751934494636042,2.5536735464540117
1.0199185265973336,2.6029727270516356
1.1691672965524602,2.476451422664268
1.1181299047329563,2.4405681965565855
1.1369078053809347,2.5348697519836296
1.2010808642509274,2.448047487431109
1.192169924652581,2.5189238573463952
1.1307229486671249,2.5055545104558026
1.1530058154892462,2.590806337719056
1.2064433067230518,2.539238279801467
1.0926740938101998,2.4809110329020028
1.1728613665371648,2.5081268008139554
1.085741593123789,2.5772627252389224
1.2435714325573495,2.5068231102204486
1.1045678458347092,2.480089592660882
1.0700476186454746,2.416478116036723
1.136347482005161,2.4603870280759605
1.162147612586185,2.611871623402713
1.1389972641896482,2.463583024533488
1.120688800435636,2.4838217017116175
1.1841491470872128,2.467724362821021
1.151662420396736,2.4048803264970093
1.0620907564230304,2.442683859555983
1.154190639922066,2.4010617363937854
1.1700004774813064,2.4000276809382237
1.1142101905908495,2.440006793059461
1.1799556308934263,2.391273096477503
1.057070095760603,2.420824921210247
1.1350094653953344,2.463699200791599
1.0372133393996068,2.3875449925929786
1.0329223752251282,2.5071276851997277
1.1150998140802035,2.453667136354223
0.986114095672193,2.425961535924234
1.0786242313732377,2.4580236319930604
1.0088147235828802,2.4776417386907106
1.1234547676328606,2.4372799231716367
1.0273711143860151,2.49948353541421
1.1005391289726045,2.4127858343459874
1.0895229553468386,2.3833060301205173
1.0932932418180783,2.401258704891859
1.1386780544587478,2.4154415397026456
1.0457868485601098,2.395392069401689
1.1308652923468665,2.348392369957298
1.0723156790811785,2.4318993793640757
1.0981541418919685,2.3490679083013752
1.1044337072154737,2.416527769486906
1.1105668509762858,2.3750859995679945
1.166685981680379,2.292785920362364
1.087584851891734,2.38987658140529
1.0229771827900256,2.3148700687875396
1.0324983100738656,2.3531421702666013
1.0604301075133802,2.3708070867608315
1.1244695466754568,2.3088159974271805
1.06541064759872,2.3563993231500846
0.9600212953901028,2.319216211561428
0.9721397887664864,2.2859342545770542
1.0070161099775001,2.372789010510484
1.021314310990778,2.2798106505968083
1.0864271296245596,2.302364933968584
0.9781477647869683,2.3606766123205265
1.0954759751354266,2.284786313206113
0.9618535585491463,2.261765465465139
0.9972353424393634,2.3732417453352492
1.0064119166131542,2.326391168256447
1.1015168584051236,2.3005370138920926
1.054482385428738,2.344200857072521
1.0788500755790729,2.1984748745198788
1.0888147678132551,2.161339642386066
1.0011187807190032,2.3072358246812166
0.9387707405841621,2.3153907730964596
1.1416194803492092,2.247793464242789
0.941061003807907,2.33503442343914
0.9829631868184194,2.185813761501037
0.9704684473268348,2.217233539674401
0.9914598011745683,2.334910335902319
0.9770130824219923,2.1507211319658515
0.9443160596578966,2.21028101166996
1.1037674747181452,2.1575426401686557
1.010173954457656,2.258065906187506
1.003152891167602,2.205260211942953
0.9993580700630456,2.2335771447533763
0.9788693040366137,2.283227051239506
0.92827025051283,2.2537399236613522
1.0691274059405491,2.2033859445672124
0.9999943043658286,2.2589895720468984
0.9675430065656832,2.183165227446939
0.971806292916932,2.2043505192352413
0.9665622062167574,2.153219011363066
1.0477139038258958,2.1805935085733683
1.0253308635602258,2.2594852951742705
0.9130064166688998,2.14466175602234
1.0140088095179465,2.2401320208931694
0.9573999901542387,2.1614446197438593
1.0385687039554576,2.110116243118137
0.9868968568447338,2.159903772547963
0.9820275772989715,2.1853193805254425
1.0545762540861634,2.132894453875697
1.043963136617363,2.171348790992243
1.0088983814482249,2.1069944169293353
1.08973101351471,2.0872887319028726
1.0194484295834163,2.179649529581496
0.8794256184757612,2.099449871680509
0.9117608411779967,2.1165615002280793
1.038619455104549,2.088950912080544
1.006536975340481,2.15288651329065
0.967845181546505,2.100510801127424
0.9503237197890639,2.1341220944399164
0.9906063717424722,2.1794680081800046
1.0661498874219215,2.038030184573965
1.0118949849154486,2.1100397946490106
1.0110790029494785,2.1152839924467166
0.993490000330788,2.139058256514308
1.0356336431831177,2.1078385864231746
0.9736259517429933,2.1400993327645708
0.9313568402772088,2.1301716648964533
1.0306303370127765,2.03290743414423
1.025096261583698,2.1894587407703665
1.0031932205574092,2.0384157126802123
1.012259872690998,2.092632251450914
1.0905733031936784,2.0483213779824916
1.0493913350674549,2.065566134275006
1.062200651016054,2.072879537075867
0.9524055294738589,2.0839153806834663
1.0575479748376677,2.03282170524304
0.8971871537665772,1.9931411561444157
1.0007938383888761,2.069812468548795
0.9759937224710302,2.0771462613732874
0.9737611684736374,1.9586993319948112
1.019875902843407,1.9880296716726653
1.0650661307731515,2.071792342440403
0.9804721985292788,1.9810085272398754
1.0130177688032087,2.0653487988816694
1.0062237949678936,1.9984605063697714
1.0524355628225486,2.0318508975794485
1.968796920026162,2.4682599226499184
1.891056538650184,2.4835779735948433
1.9805704569701335,2.516415194770087
1.9644889916619932,2.466431524032365
1.9789371379954492,2.456201473075003
1.9858157903474456,2.4488823079980357
2.057554324478402,2.466616797254908
2.0181157922076207,2.4872407550983904
1.9465726591585217,2.365717576782618
1.9428948375729578,2.441642218120931
1.997889505805914,2.3858339449995967
2.0306065690639863,2.433595949289837
2.0390081734944348,2.398899707426406
1.8556903455510017,2.468560412749301
2.020376193998724,2.550620565848196
2.003647713254409,2.4475536093062598
2.086996992267493,2.290658352665452
1.9266385489319977,2.3286783437483134
2.014801638773952,2.4071629774165055
2.0237423678891897,2.336804326598945
1.961778194141577,2.4071787145211
1.987911725997295,2.389547004999905
2.049545336827748,2.3642930796318518
1.973262535621319,2.372673408038881
2.02718046972201,2.340795635203248
1.946398318465028,2.337112911699401
1.9155733051112396,2.3719104539465574
1.964515453129418,2.275219077809493
1.969543968466985,2.375597550040947
2.0766276782989657,2.3621068419481017
2.06529619653413,2.374028666914769
2.0637114701074477,2.301935572477063
1.9318191832984561,2.343913740835503
1.9833734815792015,2.354031949284694
2.0219500537168122,2.2891230748731752
2.0100604328789964,2.3150110032771227
2.0999933792330965,2.33062197782116
1.979144723963631,2.4258102615439374
1.9243868542534304,2.4172494800945366
2.0242569449596095,2.307672245881823
1.986435311897212,2.3269793093219135
2.0246703886785378,2.284718900102713
2.0276146030920597,2.3521662503064906
2.0099996669608235,2.3911987271732897
1.9639367997326833,2.317903708511497
2.059999867898125,2.3309698832427026
2.0878986065818816,2.3504354056771386
1.96016331562642,2.371732198478617
1.986770291672006,2.3532542719000746
2.0205392596748917,2.3483658701225165
1.899594485167302,2.3251008971399405
2.0116734910166865,2.361173749683582
2.0984049538082363,2.3504705012050024
2.0161651257643642,2.2827038660247716
1.9823099930357848,2.2701471172601635
2.0310445872003022,2.2960496486671262
2.0952240750079882,2.224170970072123
2.036429231601537,2.2945017370218017
2.021134677629591,2.1727632103878225
2.007178170841729,2.2230178751842935
1.9725403558475456,2.2585733501748
2.0109293764479883,2.231518648818943
2.0366778592317987,2.236419039055529
2.05873178088454,2.2634672129756837
2.044276514164446,2.2521160523825734
2.069852343571763,2.210893642249843
2.087901784773036,2.2889540603908007
2.0311330424843157,2.2886763964969865
2.067625849606562,2.2423525994615323
2.1286305171214552,2.148371546864002
2.082452551829115,2.175334369433068
2.050624255923334,2.0979817262540674
2.0851524032866418,2.2597968519207203
1.9905781689479454,2.273014833546471
2.0145878860049184,2.1814377729384358
1.9881014637790801,2.2064064582841136
2.0252575554893824,2.1704661320608714
2.047044177482946,2.119209262457767
2.0679524134258043,2.1538540548905596
2.1094133686343906,2.1600086187218355
2.0684285734139944,2.1810364269942273
2.1057143792168396,2.2275081292496086
2.049401271593387,2.1004413925465015
2.044820743264152,2.1259908814079442
2.0794696143036417,2.1269646029393883
2.0657867501948535,2.1472450772881295
2.0650513223331775,2.085001711429746
2.1053758203585886,2.10676992344242
1.9733436074042345,2.087957483201059
2.0390986231683117,2.1017964072900064
2.0762058151969103,2.091944205374477
2.0691814536104034,2.159674426945281
2.0190727093886753,2.0803767619971847
2.135302284371682,2.132247145889142
2.111086574739174,2.0992455147310713
2.070619214162792,2.0978730721233148
2.0345120025622885,2.1545606851434163
2.0150566052866172,2.0622087615203015
2.019169025324544,2.185170116976282
2.0356309615785215,2.146695047068022
2.012558897309848,2.184840428603651
2.2055634973284204,2.0781283007250635
2.160190513930113,2.015532004648298
2.063533724411012,2.1392927620756743
2.092937941542835,2.0492490377704424
2.093310404930228,2.0412664024857623
2.055716481539106,2.1101347177252303
1.999620223424432,2.0321709733020676
2.0949295637657452,2.1002260733756026
2.1058777590570608,2.0318420823845758
1.9899851805244844,2.193303390599824
2.063345532199638,2.078803719862207
2.0400526516114934,2.0869014557345245
2.035736797149787,2.009217226099933
2.1112394412136637,1.9738564243509553
2.149234306732184,2.0351553814525176
2.1668707437001733,2.0707093211064183
2.0932449192067977,1.9683477543612318
2.097210895978437,2.0733213669930004
2.0394963202187637,2.0705195416036313
2.0431472564977846,2.041650063658794
2.1464947331111723,1.9670462102299942
2.05325875116587,2.005186190601133
2.1517009781784537,1.9407748469618573
2.1498825929950818,2.012324006920202
2.0680569556582054,1.9053976905446788
2.131882954896693,1.975651288241479
2.0642248754319064,1.944348671597994
2.2439126502268607,2.017666856938287
2.1650683301702953,1.9434415469617108
2.140962691692117,2.033569013119415
2.0991628959511934,1.9436203472769256
2.127565076571952,1.9444139084642755
2.1766164049354537,1.9297851380854176
2.159534044412496,1.978873869293505
2.1688599818379064,1.9723659039573855
2.084752811239373,1.8921914017110721
2.0673619253835605,1.9634141699739691
2.186746247754579,1.9747135965999687
2.240303877536798,1.9356368666017745
2.21994523740789,1.9550585530789686
2.2110994944113758,1.906936524780774
2.166178207020303,1.8983279733005396
2.118941585414713,1.8264241196036652
2.2251992107940852,1.9495792748668117
2.3214717762199757,1.9307489001253904
2.202456081027584,1.8750988520228495
2.2386085470313946,1.8892984929417007
2.2909290008178815,2.0394110554549387
2.0954124598636232,1.8798057372742645
2.1261817751726952,1.8714626173628277
2.130825336726251,1.9252428622876752
2.2611982380430837,1.9102346896049955
2.2696872206859533,1.928025884817631
2.2583863623396754,1.976409815043402
2.1649990937853794,1.9812001856587198
2.165015700719382,1.843910220332375
2.252865638412918,1.8463139132520254
2.1585251679636377,1.9269590749543284
2.2017471945872176,1.854121589002432
2.1808530517622393,1.8306397297037762
2.232252898518137,1.8677446174583
2.190143881975218,1.9786194080326152
2.2584156846877943,1.804910081061235
2.2425752063483344,1.8303481731569518
2.2037922425415744,1.957122842339855
2.2969333724261025,1.874286397433277
2.2910999218520534,1.782417972352743
2.274613604189693,1.8920415186108022
2.2048105239796505,1.7637472553854414
2.2741481251204467,1.8586283772434886
2.2438048941156663,1.8469137358889398
2.2554477877065255,1.8867733490280263
2.3257455047495266,1.814638215097344
2.3187697228753366,1.8118018927527229
2.2206055758368586,1.8164563751090204
2.290776044872164,1.8515203597444292
2.2609246084070667,1.7712298906545811
2.3140786380770564,1.8034675979234023
2.2659423845471514,1.7773965469102415
2.3584883849388993,1.7910562208719187
2.2049379708643424,1.8501309080410793
2.2740224751214497,1.849687056266095
2.319813057763927,1.7158399090510745
2.27054314867011,1.9185952088704674
2.311389154289335,1.8219359728738502
2.3382072995707475,1.8594975512223453
2.292540399203946,1.8386421275678413
2.3325861178383236,1.8030220603444944
2.29763130378783,1.8274513439902347
2.320858976700124,1.7403707934026604
2.239926291999083,1.779719506060287
2.303685326869229,1.8505275167155637
2.3100660752844404,1.7742757496795118
2.2934341293616805,1.7833942798562843
2.336044408987032,1.824181282007178
2.294137149874498,1.7921301891311543
2.367461430789088,1.6787436225697911
2.3375244554423227,1.7146187052926036
2.300162775324275,1.7453943114296044
2.316622851076542,1.712129386781441
2.3415768728865127,1.7788460596812783
2.3217753925382687,1.6951418424335878
2.3181059385991984,1.828449122693964
2.3724658294042715,1.71761966224872
2.2917772133307994,1.7538396119710316
2.3612078100810945,1.847922620518075
2.274804881704796,1.757184658000784
2.407032941918075,1.7851390871506045
2.2881729190710063,1.753614248987893
2.368342055965239,1.7435710527178343
2.387326787027866,1.6897693547665051
2.394692260555926,1.6806037871322514
2.2981585343621824,1.6917766505486742
2.387062759609686,1.7993386317949827
2.35839585974304,1.7867014329883875
2.339714527517118,1.6797972799956615
2.3104735570830517,1.703822433238469
2.385648237535214,1.7460852897834398
2.370752132776103,1.7086159209067802
2.330791703865663,1.68818098923025
2.4800210757531973,1.6458846340060502
2.4000432476236107,1.735716503290272
2.4336906979826574,1.679971316588094
2.380020777418613,1.6255271795022195
2.472772680146843,1.6054477204374793
2.393034402151803,1.6212352554951392
2.3852768897426104,1.6138092426318664
2.4129462081575546,1.7154541896136897
2.3903970538759913,1.6698866578211067
2.4312083057673064,1.6511678048674958
2.5132355779067796,1.6201384150746367
2.402620489019605,1.7109566327338788
2.443745777777016,1.6574997133504268
2.49796943387438,1.557423025756516
2.4616689963669716,1.726205380723715
2.38629351978401,1.8016010113087946
2.47255928695885,1.6805404003212892
2.4846122875884675,1.6629959209534524
2.570546253636647,1.593527213765526
2.4192864754902534,1.682219961426427
2.4980283838534985,1.5991041085092772
2.5277176154047027,1.5923662250700465
2.4442842581629067,1.6215641143138606
2.4826867597023834,1.635423694137885
2.4965757392714893,1.6754358188359904
2.522496103116297,1.5912470873035933
2.458947492132575,1.7108508009545609
2.5243603488933615,1.673593793692925
2.4376161722744647,1.4607921519393163
2.520765968662054,1.7479645830803332
2.400847444023786,1.6450134437869544
2.5154087446044797,1.5235742821507998
2.5745185642191197,1.6370262687140973
2.476970479687821,1.6512706318551091
2.5077925371548613,1.6712762342171668
2.6101320003001725,1.604909263836596
2.5565423437891104,1.7075431347324699
2.4652354608731564,1.6189346557897428
2.479991682087963,1.652992395970708
2.4803442334586,1.6307444599371272
2.5159543525557932,1.6239317323055884
2.5215805857451423,1.4991768609535765
2.4601399112327123,1.6654839635505405
2.6137441927164917,1.5874303533233576
2.5687423076907545,1.546270192380082
2.509291502249768,1.5177222700914812
2.5418293568031665,1.6856643832697205
2.5051666960533563,1.6401207962597624
2.595646102624776,1.623259489279001
2.487384427658971,1.534740962151596
2.6279213060301645,1.4999776060572048
2.573033145639679,1.57166090158894
2.5778474705964673,1.6287823949988887
2.5618591019998886,1.6372542989535046
2.63633289577033,1.4967382130730347
2.598294987215376,1.5591588749198138
2.6011391623626543,1.539437764697064
2.598764404977354,1.6466784029874606
2.6143462380122515,1.5158579889566006
2.620392131963474,1.6062733655898542
2.5381076882823663,1.5467769536952023
2.5955950640932484,1.611157189719136
2.6074390387995128,1.562083474993792
2.6538506091310223,1.6017083763368636
2.614708020773062,1.6735938104694947
2.6644745833940853,1.614382536216615
2.629062286021501,1.5516021601656758
2.588630097932741,1.4562235465076425
2.7097924019303017,1.5601633359103768
2.5998744618003635,1.5481642439942456
2.694773244318081,1.5668387754618343
2.7172924851305087,1.4830862052617628
2.663724574817394,1.545861671006826
2.737344861298452,1.5824411559756963
2.706105508173006,1.6213051776588308
2.7088436437938306,1.477272745909582
2.750762006693615,1.5860343210731707
2.677443522855515,1.5733174397834149
2.7715322419768755,1.5911062427052138
2.687725186813507,1.5798139298110763
2.658216255312862,1.57322120905173
2.6990128502438724,1.5677699423786162
2.6143326979248265,1.4713066025121915
2.8466547514868106,1.5314349104893032
2.705338326958198,1.5701566530444278
2.704884059682036,1.559555203891567
2.63205892471905,1.5385410593786906
2.723300231423265,1.4470848094805016
2.653746877209726,1.5838520218075374
2.6900995362136033,1.4986661748025134
2.7583484037008645,1.514390764171642
2.6320675457716924,1.5142412140300738
2.7272808186424355,1.5149194706727145
2.8076928602717666,1.5508799012577446
2.71426624064896,1.6632934542251347
2.7550597506684897,1.4547201657239537
2.731637430238237,1.466312889432476
2.721659361962493,1.5246083443241227
2.7169213549305455,1.5811346039497247
2.786334851872903,1.5031008364858602
2.756246296475227,1.5208679844250579
2.778096499392125,1.4836798181074211
2.821890801651486,1.4346331870345952
2.7999955830318104,1.5390752822811082
2.8076577032507983,1.5697033447999138
2.7536627994915768,1.5540674765903217
2.703860382796476,1.470778230902407
2.7384966262780837,1.551659334130026
2.69279298598497,1.5610189811812818
2.812023091543676,1.4859702516350537
2.7453711940519145,1.4974446696784085
2.9349323373730654,1.4016837523095314
2.7931458389652963,1.5363581089268254
2.844746165833102,1.5253547519897108
2.807150497508822,1.5062677515518428
2.7778609691522798,1.5565751683326359
2.8027619894250275,1.4768630802183913
2.8804229169871247,1.4942119350818608
2.8956931773714936,1.479335464551563
2.8129958928969527,1.488919555167549
2.834497714688716,1.4820164909988915
2.8767129160214155,1.5158894057856047
2.8594343297566582,1.5354878850002402
2.8912140422850694,1.5450058289843023
2.8632753153177997,1.4881251520946202
2.8757470528001416,1.5949547876165544
2.9576368536211453,1.5174339601459619
2.847873930349772,1.539323144641644
2.964982114576067,1.595092965868154
2.9315438657388104,1.4459014683645688
2.84537485857517,1.473390861547754
2.9621532907759964,1.4800917612964315
2.9326902750252613,1.4286267563082853
2.954209963192249,1.5259148384674175
2.880600589066299,1.4915044527552288
2.8967874069688326,1.5112531417952024
2.9039079039784363,1.460310887615247
2.9167162655323464,1.4658414549257373
2.9502224489485167,1.479075247076319
2.8975119621881578,1.4599456971993854
2.916106069848711,1.4947686025697606
2.9373330699382727,1.4452108172150036
2.925762525521193,1.493706050973311
2.9900843785485653,1.5594657847170068
2.9633799782691854,1.5625566874910248
3.044460435593578,1.5252331034897102
3.0637248626581126,1.4248425693750117
2.9848876406257445,1.4882153295595946
2.9553027009812416,1.4533677430391245
2.934894399498504,1.5096921799787384
2.942966488429728,1.4953565662345443
2.9431083028734,1.6115694272490484
3.000778937824432,1.4471852756361399
2.9119899891243612,1.3717008397766395
2.9512520813615533,1.5360298728124806
2.96984378506233,1.4690319123359394
3.0557002022928357,1.479201531343759
3.019012398584776,1.4848979787118064
3.044744711056623,1.4970955654725264
2.9809499511465614,1.4696536826126376
3.0785877702989093,1.5300870189259816
3.0590071998925064,1.5811641013501172
3.004467788743381,1.543405662839552
2.9467026264411182,1.5144555739143726
3.0172413095033264,1.4972189739572244
3.0211767824729794,1.5899368015744846
3.054664627468668,1.556113994095102
3.029870920906238,1.5128714947126665
3.047147895959793,1.4657436121879455
3.0565119516343593,1.5319321536819406
3.147150032928384,1.5092124920200645
3.013289892954007,1.5619195356572968
3.056238686548861,1.5390798341610692
3.030595513452177,1.5085525149570231
3.108307475911742,1.5088932748707378
3.140838447577658,1.462535290833476
3.158619787863941,1.4394333838874545
3.180067649976438,1.564976157221631
3.13516549668742,1.4315296948289242
3.1387445647310486,1.4767224971439394
3.0849578037357546,1.5109016423798143
3.2016156177946318,1.4931066661532255
3.0402068265197624,1.453289700692165
3.1487631616686445,1.4744136768108147
3.1061685948156486,1.5947192848965877
3.1209245217989605,1.4940262782390201
3.067561485371391,1.436458796905173
3.084029296342999,1.5154918628938234
3.2226453583175103,1.471179370955264
3.1526890307232023,1.5362309949805675
3.08117264584199,1.492537933870727
3.1047775807975224,1.5156500259656318
3.1163160006372723,1.473647254528414
3.0603242762483074,1.50672012517407
3.174174694579792,1.5446058246860401
3.1618703443009086,1.5926792924558755
3.0978895496709233,1.4819500927108664
3.1077316527819097,1.5454648012988663
3.253889590368559,1.5277647052056467
3.2479881232365444,1.5680360214186506
3.1293590433755485,1.4825925196808667
3.1788543350392335,1.488042102562632
3.123901263268692,1.4558024497507502
3.3105087013671017,1.6036438526351973
3.201707835361404,1.5244773726078462
3.0854082241854854,1.4425284812050791
3.1397580915455,1.498056093651695
3.230114725650557,1.5836851125227687
3.1754978160881873,1.5070082626191108
3.1515154134725405,1.5021852511003733
3.148398330698649,1.5732540196597722
3.2535009983160377,1.5137635325851972
3.208910133031901,1.5337896677861222
3.2351120284584445,1.476321459482107
3.208768267572351,1.5607865333333515
3.2217839342959116,1.4462620994279511
3.27928009911816,1.6160176127993104
3.27593519327134,1.4792238553912833
3.2356956476138192,1.5646184606386577
3.302238817824488,1.5503740729483566
3.2818023635261646,1.5658680593318293
3.298090594983074,1.4906194911422348
3.170924748761327,1.5389418667555774
3.3049421856152428,1.6064578174687396
3.2537497092232694,1.5155270302452621
3.225255793769903,1.4906266262681904
3.344811066889646,1.6736862050765762
3.3112163454576686,1.571995235276033
3.3607234415095038,1.5098898685190025
3.3272532113462185,1.6171389714605864
3.242075161939473,1.6090567032130203
3.3991042699042513,1.6239771291368243
3.3776612045507965,1.521678087890988
3.371240797057614,1.4406554060977081
3.27048777959113,1.5772785137368233
3.342830811333359,1.5688783658725451
3.3430307034889166,1.5743464681698267
3.2842607066160623,1.630435736019377
3.3472691505250713,1.5352150154692104
3.358440420894576,1.5450396647534177
3.3727020565974346,1.5211231123784312
3.3137011168775325,1.4672432519074736
3.2992138657782237,1.5331821744742387
3.330327660202407,1.6612861819054712
3.384083974173701,1.5552309157730488
3.41433083129705,1.6389715724196972
3.403688487342021,1.5155618592072118
3.3453085447848325,1.6163590702297426
3.303171160211423,1.530158777613197
3.3127632556211415,1.54628452206943
3.331832994975737,1.5482929624075985
3.4109960668293313,1.495928966546112
3.5229943630198353,1.60397203697163
3.382903783101511,1.6420845630511847
3.431074320830456,1.6007334336566685
3.4194116462559605,1.5894055941379506
3.3964830085226643,1.5862017314757448
3.445870479241557,1.602207889421341
3.45765176485141,1.5918160115035795
3.4633186988879285,1.6364652279016028
3.4134134711931416,1.5601524215358074
3.497596076317957,1.5842840241751441
3.4606191076679504,1.5958321553689174
3.3892593100931903,1.5493368205283113
3.449786792968733,1.5705365583160997
3.4174439663992207,1.5890346644153088
3.5379548248101895,1.6522074838949932
3.505754255915762,1.6206268585872832
3.3711532296755635,1.6492760057275373
3.5840503623352618,1.644875969358721
3.533818491345845,1.5510155406801807
3.4897877960445403,1.6377731613420117
3.526004127155503,1.6123723191338697
3.5067231686189393,1.547389267151209
3.446003166100616,1.6058917622763518
3.505840335636541,1.6521787945097546
3.4217610355001984,1.6468791352768533
3.5867444298324376,1.6389936077532783
3.576053958770793,1.6963843002724854
3.5611138531363844,1.6490420078407277
3.4524066256923183,1.6111640779330467
3.557343592597376,1.7166181442780006
3.5130416045214954,1.707716565318972
3.4163666269607513,1.6279410525083569
3.5493252671756874,1.6685979276030751
3.508393968666508,1.6060595943444613
3.4994345297937617,1.6515001613029452
3.5834370478893343,1.6340731653009644
3.4929253203433834,1.6685011374990422
3.640919760365941,1.6333833551091528
3.4796274657422344,1.6650788877744285
3.572635741872788,1.6595383752382604
3.587741502012095,1.681437399337098
3.5653405272678924,1.7443728284721194
3.6359715660951117,1.735429556992808
3.6035742601250496,1.6744232609688026
3.5777969025182688,1.6888225879200165
3.5510997617265767,1.702677702384526
3.544890403610221,1.7172917782039203
3.579616643248438,1.6899561840476207
3.5727403407253973,1.6273091298058662
3.57367471705207,1.6196694624351382
3.6148150913919332,1.692723788351362
3.616773374690993,1.743403124025285
3.6865646550573747,1.6348930672735211
3.6038088578889518,1.6990118981323472
3.6258948457050812,1.770683446812049
3.5975304343186476,1.7856960597336438
3.6564768323261987,1.6075350471309438
3.5314641029541076,1.6862992619268597
3.623505895385912,1.744914854932798
3.6819703296835344,1.7856558897150705
3.6775428306580102,1.6476905989908066
3.658850598415345,1.7243499902333723
3.6253657502116985,1.7460397008974713
3.5957635395778387,1.761968147998973
3.6333193903185457,1.6755767135827353
3.6368921097255322,1.697488300037091
3.6300892785793897,1.810545500695708
3.6652037327129205,1.800798678143018
3.672485367528467,1.6433472863116116
3.737018568330682,1.7453894392640696
3.6367205892262984,1.586900988282295
3.6720060464522737,1.649799854480451
3.721001062871564,1.7086693204228727
3.6724616991651935,1.7325001424682311
3.634445165387975,1.7475803186499874
3.7529111106759148,1.7104304485282353
3.654170753671454,1.8273628307918979
3.622646783106453,1.7297614888760502
3.633086045263231,1.7147628238802077
3.716428814064192,1.8024660177346974
3.678005961377712,1.7579866722095483
3.6077724138455833,1.6885030864403616
3.6416681574942382,1.7810279283026076
3.748594590945955,1.8257142129157917
3.5883523156009516,1.774284830948595
3.7240786683432523,1.732134805250469
3.7296631367394752,1.6973854788294234
3.6639697020366193,1.7424886202874754
3.730524446617811,1.8244584909011747
3.6421525272882564,1.8067710055683255
3.746824863398487,1.7970348832698064
3.6902609651566456,1.7236313203636313
3.70197723463124,1.774504584476381
3.7972233972658183,1.7830936332577894
3.711593265983123,1.69600509997595
3.765126854920827,1.765815849864846
3.8120761324066983,1.7955517202636422
3.780340099321486,1.8803036439120033
3.788658778290037,1.805194086388271
3.7590410884923378,1.8328758551935285
3.701552454555868,1.7475385519086863
3.6749296062689685,1.7916283155283617
3.7667236200864003,1.792746407591942
3.760683490117473,1.8492266404966282
3.7251140896103143,1.860462014482461
3.7457789000814787,1.8208790123396696
3.7535481785074873,1.8469668018246612
3.684074419493572,1.902233393087629
3.6615560506527975,1.8700413922642585
3.8050154532999625,1.9254461542118086
3.800606292292007,1.923586376014378
3.807939652917212,1.8091307700430517
3.900022222485161,1.9020718360931865
3.6739300129700254,1.844845766889589
3.834601626937472,1.8382943630687119
3.7841468566570216,1.796809971259162
3.7984997299917764,1.9670098081737348
3.890192394042539,2.014568179196081
3.790906790363338,1.9190383342746176
3.735110364490745,1.897049841436744
3.842785973348312,1.8786237166893502
3.7960614509784714,1.8301049354455587
3.828418231930848,1.9302852113807139
3.7282416771359292,1.9547884984087953
3.809068607795195,1.8735074768997602
3.877708296997323,1.9207740874409518
3.9198267308042487,1.8775733877033438
3.8009471741985354,1.910725564743208
3.693720143952163,1.979878378501326
3.807965384129779,1.8974240262015898
3.8367736772570327,1.9373435238416818
3.811901946737104,1.8786935154812547
3.8455502749480557,1.9371449931808966
3.847758783513666,1.933223917090901
3.7192045464482857,1.924166873296457
3.7798563034094528,1.8309101722928929
3.792749383031633,1.9893610917505598
3.7541421475120744,1.8878159230848695
3.852717765349982,1.8243488803122194
3.8631659279696584,1.9776436197378007
3.7434964376738487,1.9850568782739526
3.814643653055658,1.886832369038709
3.972539630643941,1.9134370078068517
3.778624912857819,1.9876727342898184
3.906795435586434,1.9415773808342436
3.8625311992969267,2.0471179152320857
3.873395845162248,2.0292717733991377
3.776341356025201,1.9674187591881025
3.900650447095526,1.9347973030161516
3.834455913423849,1.969407024839049
3.972964115892233,1.9927664944998746
3.8603155190296587,2.0328443949723227
3.8082210690147815,1.940994547787076
3.844452563408206,2.0895730721264814
3.8990504012873197,2.03801431443872
3.8956372766920584,2.0075562647014835
3.850482762092561,2.0608854366343574
3.898579590304702,2.02593060872243
3.860336339075774,2.0191146478007087
3.9381893671145294,2.037039283179797
3.853113272386075,2.113309404900904
3.8006434169997467,2.090114873807554
3.8231839683116906,2.1088722454536333
3.9514492714753366,2.012791980815726
3.9173801981474448,2.1057580196813324
3.828342632872131,1.9654131080343067
3.96149049217593,2.007996649452161
3.8782869005950076,2.1139756865000816
3.837674512977773,2.0612204733086528
3.9457420696358905,2.0111560367556884
3.9149517598177583,2.080711083072826
3.9010052390015253,2.048113870072542
3.914233814921006,2.0653132573402226
3.946331784724098,2.0395911500164123
3.979254936371155,2.073511600113468
3.991511143189427,2.1688013580941194
3.8869228360433836,2.135947708743169
3.9369093480768096,2.109375227523684
3.959688634368933,2.109902439170622
3.8593670535583167,2.073674722813035
3.926637161900424,2.1697712240419307
3.876841542998269,2.155739791332392
3.997046379973755,2.0496619720565894
3.8695928533419295,2.170154709541642
3.939441603167705,2.0195458421044123
4.017907107545027,2.1496807446291566
3.8385962726017064,2.0863406607474926
3.9343171330488738,2.121769372738074
3.9612406935788016,2.12962432792162
3.926575284459651,2.117596833648805
3.913376353873342,2.1610462845621714
3.9011961334844774,2.1882514142248155
3.938777742773004,2.0490573336510525
3.9642012834872684,2.192520654418537
4.062341181002652,2.1852968354446007
3.919040842219078,2.0927053713505055
3.924553892376366,2.19788092037972
3.9942158537141683,2.1266839118366043
3.880761383466774,2.2046981649231947
3.873694781221939,2.1153011759280687
3.971441089267934,2.198740977415736
3.954493305295136,2.199694168009218
3.8329107965662903,2.177177356481176
3.929412311160596,2.2149021917150487
3.8972510121860333,2.193118911931969
3.9429730364534237,2.0857693310075076
3.835545908541688,2.2435038649901644
3.9847955335084757,2.2466545444087043
3.982533328581342,2.203478616598777
3.9914802391748045,2.2001086625908735
3.958428078818392,2.190191319290047
3.863064906677165,2.1533453985897433
3.964689510511187,2.286705321648199
3.9442987088536947,2.247650517714476
3.934840728669317,2.154911237086721
3.9521860854334903,2.2534628891597244
3.9549358155266194,2.225700377695607
3.9791552421214895,2.262572387469317
3.995080591489781,2.275247577845855
3.9761086220432516,2.2621116634430916
3.9520983664613545,2.2071480661522562
4.010400184859687,2.243881510709501
4.0174296948509065,2.2874651739244123
3.9800160347008973,2.231709950429331
3.8880377333639697,2.3687058630333566
3.913894931495125,2.270710891719119
3.965198453289395,2.2664247772756876
3.946945598840138,2.2467914532951094
4.0007277341282945,2.3119289045720466
3.974586296099243,2.3088389431951866
3.9468730038108317,2.323009711522086
3.950115791662328,2.373746241032261
4.048277570113748,2.335160769464972
3.9365972063818138,2.2694358561154604
3.9967731205458064,2.396842858520786
3.959014677522604,2.335562610165473
4.046952214809904,2.2818583453677657
4.03810348785474,2.414046198173478
3.9835894317709015,2.2944991027027606
3.9294687433682265,2.3779396880157018
3.973556842558735,2.4148411940970167
4.0528342147915595,2.3939784357161775
4.005678027172813,2.370752983246739
4.016974978029139,2.45813348354954
3.942674071406811,2.4244028714383536
3.9747070458408524,2.4063368264986558
3.923591501970142,2.444569893647416
3.953142907014501,2.3652478717550314
3.921729866933293,2.3732298750476293
3.9545763813042685,2.386242309370871
4.074109580607091,2.4048901532988642
3.907835355050717,2.2619968401204713
3.98685226970788,2.328021396960785
4.031700344374814,2.387734011038388
4.015449340839254,2.4816239817189607
4.0466469508664655,2.403412169527008
3.9604647364361742,2.488482737698916
4.005841590426418,2.4537379855224524
4.0051375505660936,2.4891753855123966
4.004796434358475,2.419507504212519
4.056689044261093,2.4383753682339018
4.052041452091959,2.496127896743679
3.978330281347877,2.5018084077037206
4.04324667092565,2.520568092398543
4.000546138875059,2.4737328044133635
4.019228008910924,2.5185990410954657
3.9322550103418803,2.434722979131209
4.006626797952385,2.4856077273561903
4.047726459427994,2.51206996885663
3.9327555592669112,2.4666879638071566
4.083361309867799,2.3722955543069966
4.042739080816406,2.4474915548954375
3.9897929641021905,2.5116143231941646
4.078515949253176,2.5111437575640236
4.090609666198297,2.5382851637944888
4.02479009433347,2.5753673176773546
4.084628189157189,2.520391155734277
5.052436060045919,3.9864377231998236
5.001047909032834,4.0245265337537095
4.976049986571233,4.023674559335628
4.998002375246707,3.986125154393828
5.029577022971712,4.068882850189064
4.979867913907339,4.056803225524837
5.011892584514136,4.067510947716769
4.988803747131982,4.043866615041197
5.010908749985139,4.103649498707005
5.002557987045826,4.068804572490487
5.04294771589657,4.129613952451944
4.979204032302286,4.201086026130919
4.987776825095551,4.106577902590244
4.974561555132622,4.093279366808298
5.015386168607646,4.162664939959793
4.9592202865690735,4.221961539218219
4.929899605704635,4.215624477016042
4.915431367235066,4.192656255224076
4.938374500335084,4.265879331972648
5.0256069954736216,4.227205157584275
4.994523896121702,4.241925004988105
4.98388635894095,4.2381410586416015
4.911532571592693,4.2202173549456115
4.969754742316333,4.3521971576049285
4.963025521821244,4.282018973982084
5.006781811107631,4.315912181878107
4.951787029163652,4.328186277328489
4.938421939221532,4.3238117793982545
4.895261692962728,4.360774531049108
4.933284065102503,4.392301525399718
4.91762668775025,4.310913594505076
4.921457609472017,4.4298087540748075
4.908650681821711,4.36299459547718
4.878839751829944,4.371532438857175
4.901175196198283,4.378792707234132
4.949986763377127,4.417566506922636
4.903283541208995,4.4812965778519604
4.938820890545591,4.442815918283524
4.8987739381780395,4.4807513978504065
4.876161457293417,4.4176151329396065
4.896542991512893,4.508859024372929
4.883808361117503,4.4647712018384915
4.856308968561167,4.483648910390469
4.8483007031717475,4.5525397166854225
4.897050454031136,4.545155600954592
4.85889916794443,4.556871469332815
4.834110317151833,4.543803473943049
4.8106872811216075,4.553797526847058
4.890677842473978,4.5946877368185515
4.8068460362551,4.563364927872167
4.783062270505226,4.598547105543652
4.813290398623417,4.555127662070958
4.808221845659377,4.59152102767437
4.829181981659419,4.622469390860896
4.829082167131025,4.613346889880337
4.761352476570911,4.645832402305901
4.7948930808317005,4.664807301050705
4.716983721996875,4.661914709390841
4.747101894971987,4.6536155050223265
4.718050583728427,4.7258323284304
4.716910196940227,4.65865405399643
4.738450951653605,4.697167571971961
4.710088836662818,4.725594383991197
4.71647304719624,4.720433426943094
4.722941010215493,4.728346884702455
4.664481436077828,4.719643547163722
4.659963065129318,4.744081698775184
4.634044488402321,4.690415236399479
4.658584727964622,4.7134098655080034
4.586877421177743,4.772260263810862
4.6159255905493985,4.785595018240894
4.611857412086375,4.74399133578596
4.580023389971551,4.770413745264005
4.599045025775578,4.770144860513135
4.590364963649842,4.756393910381953
4.58809783730382,4.755793103520328
4.571332089830797,4.83556935239157
4.600855879632919,4.874365972820556
4.51015663282152,4.854500305122807
4.581877624106652,4.865726858833179
4.508800966122479,4.857899803284698
4.580607478306949,4.806013660592729
4.529636854422133,4.891805671360105
4.4820456804265225,4.880959920569287
4.460910164549895,4.844614681129443
4.4584572257780195,4.881023871279067
4.468416339833307,4.9123314313089335
4.43185790984567,4.8838364832632015
4.477650486205926,4.909402113809947
4.3982173905114035,4.920137429546472
4.411498386185552,4.914805292670482
4.42383059287603,4.946482679564496
4.406167259065286,4.8599252072078665
4.3521820016749135,4.942418843682795
4.371152452343553,4.959598000105424
4.377136214117523,4.9071735429567305
4.387904051837906,4.907605550571276
4.283588417380575,5.000850484227657
4.276790127035388,4.9619959852936155
4.34801793172434,4.951268695379581
4.260245164700672,4.981953668682539
4.252836152137152,4.91527984126936
4.273348668108001,4.982346833868218
4.2822660064680536,4.987806991392724
4.246436185963767,4.9623666691125266
4.215535295815357,4.959319741989986
4.254769176152868,4.962244980604556
4.235835048618585,4.95598977160842
4.192816511697235,4.978976096490313
4.193139115750606,4.995805166619755
4.1931314337655285,5.036139162759524
4.167368266400159,4.978680519683634
4.130707508035578,4.986799256927007
4.171310226588242,4.967079705622015
4.135305446974423,5.011102607964279
4.121805052383376,4.975393598381578
4.140686169036227,4.997241066211319
4.11323344079144,5.029030501242913
4.1235991325803045,4.9859185607071925
4.058414859999309,5.005514617526055
4.056455769567173,4.9425494049294985
4.086826437292253,4.999586576716631
4.0607121478348684,4.965636718429208
4.063192094737486,4.982857181707473
4.010351768377757,4.957064039488389
3.993648457611924,4.991892763518971
3.980921224183636,5.010918802642656
3.9765377748057302,5.028944399605721
3.9492945606122394,4.9665795709823755
3.9489415844775646,5.0167185118726
3.9735072295566867,5.019984102782981
3.8719789332469965,5.007798785921719
3.9560171461834783,4.9986669750092325
3.8846247350342216,5.003297930697625
3.8718435140619687,5.012179875629785
3.8736344288633857,5.033395161825421
3.8771875735134054,4.968961171284697
3.8654408034035184,5.015198213921555
3.8205449726202936,4.9739659604759
3.757007068007459,5.011508271819489
3.7955033350663934,4.917526950900744
3.746259923066355,4.972126965845716
3.809271851202537,4.975748991919436
3.7911532947384856,4.942147983588745
3.722729379234038,4.998573068831129
3.765838203980347,4.966773595880426
3.7778135479188166,4.936440781328203
3.7138274869814687,4.99145637617254
3.770125860784319,4.9569505184218645
3.7547960568321335,4.936255318804644
3.7003568929527946,4.945178481291161
3.633274012798643,4.953524878530223
3.695513234419521,4.93725613814473
3.653530963987591,4.980823252422947
3.6070034798517856,4.888869365958203
3.613136538474164,4.892230324306139
3.6616242275838546,4.936340187810339
3.583227431183079,4.8999883022658715
3.6823246842641004,4.89708146866167
3.5643466849635734,4.918160046515792
3.5931945603427997,4.9120837503384225
3.5347770690921054,4.864629755404414
3.570361419909282,4.893160032401859
3.4917943653384786,4.923125362100491
3.552501790700383,4.874234682877681
3.510487937361324,4.884622078035944
3.4872147894542884,4.829605043594539
3.50793033657146,4.8204692365351605
3.497184919616913,4.814065904243933
3.4705817567802426,4.846125014472156
3.5170676225226307,4.812675486427217
3.4116375825774274,4.819747791462204
3.4091903409941766,4.814324937133727
3.444675546854754,4.846917089101792
3.472910121911518,4.79481123880098
3.492075001233814,4.869157473544852
3.395763991348732,4.732115485916671
3.389832866654499,4.797583066784396
3.31250993341306,4.788680573394833
3.36567779846678,4.753000974962757
3.381012716442203,4.801216579427924
3.336989506925736,4.768339628073425
3.324076760628798,4.730879805184016
3.336266519931174,4.762245471993607
3.3072377629991294,4.670717235447767
3.333098157416253,4.681272197083299
3.310104234363098,4.774954644109326
3.2960745533166906,4.674389134898479
3.2440071559343577,4.735802851669897
3.27835901918086,4.709647500187968
3.3001110544672527,4.6827590273935575
3.2515263874414786,4.6489117457124465
3.161456087906547,4.62138827275026
3.2444344848946787,4.651775607092907
3.248542205851046,4.64307489366246
3.233263288593413,4.65904278127141
3.1939596384954427,4.617670531074294
3.163649627953668,4.6466367655366705
3.2082520059884123,4.6227255717177265
3.2443815626754344,4.629779286560241
3.18799119152172,4.611439907709952
3.139972600256318,4.591201848764242
3.1806877103313127,4.517922013026622
3.2090736377555187,4.535238709133583
3.181954821180551,4.532737259143554
3.185843398528544,4.576312071753733
3.123089840258312,4.477147213872359
3.137999766586823,4.54041321957094
3.124962879083288,4.485891670231716
3.143601073970983,4.407756163719303
3.1036801328953803,4.439660857801488
3.125769464533934,4.4496014138917825
3.0808896696031027,4.447963650078515
3.0615479104043803,4.4473126393061
3.080647091943359,4.4256504498607905
3.07265471370396,4.454361743826294
3.0853628776383464,4.43062853613665
3.0988673003077065,4.3779349492034525
3.096361744295077,4.400367605063719
3.083830370145004,4.366205418029315
3.0572187224408696,4.39191994869689
3.131834232413572,4.329231344750676
3.079019016304686,4.3329678112895085
3.08237680325278,4.346452174721232
3.084589901196071,4.235787403751525
3.0325444661158683,4.278936515317742
3.0433985488169677,4.275101459733928
3.0214469441107625,4.306114945890273
3.09436449389869,4.186774114055985
3.025015009089488,4.270157973514987
3.033303996005876,4.238165042385067
2.9874257792759296,4.208207289643172
3.0467836206659267,4.254853029256514
3.026800223861927,4.187313417739765
3.0226319672604305,4.191550832883988
3.033721023271737,4.190700892373061
2.99716268391095,4.179779680530902
2.977891249316851,4.18906242239557
3.044213677704455,4.114812958455538
3.02071785616298,4.110078698780105
3.0405138556034244,4.151718708450191
2.9978434224494777,4.142314521214736
2.9931055081840006,4.082434157379881
2.986509898986212,4.083147347673318
2.9931634025395164,4.080288863938971
2.9835736936300563,4.086774838497491
3.0298900473358676,4.034888881909944
2.956963950915661,4.058622182032534
3.0332054545889573,4.01987662781661
2.96149269301473,4.0214737847608655
3.0470230507968745,3.944031513881205
3.013967246151906,3.979207750694663
2.974489670047915,3.9894458180189045
2.959587716805204,3.970635188830022
3.040065040964133,3.953822619490812
2.9752184550189487,3.8834252991531484
2.9639722385079086,3.8687400347027507
3.0522237481008494,3.904438651238775
2.9748584290143794,3.8596458267452176
2.9741330234052503,3.8762477933831976
2.969573804801308,3.9245390709230428
2.985351600285863,3.8395926428830673
3.0209602127551856,3.892852975095451
3.0528463747735057,3.8220498426428104
3.021147516853073,3.8303755087376
3.033723836044429,3.821529202084938
2.9909596369262585,3.762081079914338
3.0287836793760876,3.7521250454220687
3.0666064441320144,3.775012303756353
2.9974503954926517,3.7521913877655715
3.0176798909529374,3.7472207184835007
3.0626197966295936,3.6971066810480537
2.981424154154918,3.7389271638643975
3.0359801700319435,3.720596455485664
3.058376350820641,3.696939759520994
3.0718813429672847,3.6646032594925138
3.0551904594527834,3.6525654639751974
3.023324286838241,3.685461367637043
3.0776141169356257,3.5958157809183744
3.0302668546197444,3.652250888936514
3.103328723957858,3.6132291121809126
3.070521259795845,3.579894705947856
3.1558019191526836,3.622994319819781
3.1124007388123065,3.6171300363472714
3.119506908545575,3.602113130088275
3.0852939990381163,3.595789401613377
3.1044422699234393,3.603201125184785
3.0838138575821548,3.5364409345649706
3.1307125879166975,3.5795434311114476
3.121962788533493,3.508270109494404
3.119703363642895,3.504845719049002
3.1871029053518467,3.533880066521747
3.175706964615536,3.5051347029357993
3.126138848280479,3.523467459776534
3.199569507128629,3.4913294181127914
3.156967649410546,3.496953927038195
3.153036702301125,3.476069728599357
3.1480646780274997,3.415414363307769
3.192713929228232,3.4425082914249603
3.2428235493954687,3.4135830619969125
3.1905433099931026,3.3776091005569375
3.1404709236239268,3.3493813145980336
3.217846057178722,3.355669526254459
3.2486069202002175,3.42322980118792
3.211440703698462,3.421844813218625
3.235978881084443,3.3958723829213784
3.230586421210535,3.3821614516198126
3.218677435866887,3.361652323426359
3.238848283822623,3.3293692387645506
3.2814217825766065,3.3300393383506934
3.2690325478639144,3.3376194133233605
3.3051229927362438,3.265720552029514
3.3049277577970524,3.3174495103785993
3.2750039140995604,3.2981300749777316
3.2662772050897946,3.3227286213304357
3.3093472933741532,3.268587249272588
3.3614654025449937,3.2580102887884106
3.3515074297541525,3.2230745767740525
3.326807301259902,3.2035970387328967
3.345163891094266,3.2695093395381587
3.3692941149785294,3.2556288042330506
3.34058358216673,3.1963474421088045
3.3677040006548458,3.2296830773865244
3.4037137907827915,3.203099628268559
3.4228641793989687,3.1928327724551933
3.4117251048965835,3.2328842890814853
3.4046512491796577,3.188789707493454
3.4807090027585685,3.179320792524244
3.4650225569255495,3.1513833925617183
3.51207734534393,3.0944660755388695
3.431076717470974,3.124231801068367
3.5249095622715103,3.1596142205394826
3.478272668949942,3.10600191282708
3.506873333175774,3.1406149828212584
3.4872026010840362,3.0852603744791867
3.4844338980492378,3.1307143129324317
3.5368320398419297,3.120430585623369
3.5369719221540676,3.0576414126169804
3.5549545855566898,3.0762268803457227
3.565419869109477,3.1138370620562545
3.553549817786561,3.0651996019959755
3.6120170918923598,3.100516746845843
3.5772226254917867,2.9955862874795534
3.607730358129649,3.0999966839267503
3.6534294960177673,3.0551057618902555
3.61392815871749,3.056384587142163
3.6678678873952655,3.030046232140389
3.652417570545998,3.033992730405329
3.675412037663875,3.0098840743238684
3.6905494269730332,3.0375509896820025
3.682807046558938,3.064529429076737
3.7371180700260953,2.9937999747411346
3.745297347943965,3.058681416497926
3.717752950397259,3.0795739813195953
3.7434532328722385,3.0734489095368596
3.7329823721323105,3.004616752242753
3.799226055786504,3.091494690076898
3.7950300880616012,3.052941087906464
3.774684303011501,2.9838902048456957
3.7937773710481295,3.0645889443529355
3.7571125973533697,3.00359412363386
3.7672982721440085,3.0189307180965534
3.86371932049745,2.974805966644894
3.835477942030332,3.052241580184725
3.8595645167765804,2.9703030152483207
3.8360016844462175,2.947329243345017
3.9097476451510995,2.984664745907651
3.931785560902819,3.02989352013413
3.8907726306192103,2.989574089149497
3.9480097794296127,3.0066758813267813
3.9449863295988843,2.9537571115070516
3.977083006449172,2.974757347122634
3.8942995663526094,2.982835639391054
3.9896872243704067,3.063124326948897
3.972988991903024,2.962511429356252
4.0621780613373915,3.005170216319904
4.003981581354716,2.9687825572564144
3.9950324120240213,3.0453577736069453
4.028847361116582,2.9847305307756447
4.034194969369493,3.0480076923568036
4.043453176233671,3.0211922907182767
4.081872850243825,3.0109823444906834
4.060583827465258,3.0245028291403195
4.150067479211744,3.0040034655352383
4.084373060646263,2.9674910207200607
4.133745994285016,3.0004137399591286
4.135652304659543,3.008882829485821
4.105591896972193,3.0347559274248432
4.170410892388114,3.0090146241432922
4.182930110748134,3.0425229310355286
4.187705094992383,2.992037510807716
4.232992453594637,3.00572195863625
4.1916424010015785,2.9747161604049053
4.223470748676899,2.9949780517394347
4.221721942328506,3.0423476359480977
4.250298200469768,3.062997944882682
4.268243573675699,3.0236757106778147
4.263638033977853,3.0234003115178405
4.304904117582601,3.0429288037423174
4.285930473931299,3.070789682196265
4.311799653430356,3.0362736836724085
4.275957889730354,3.0645114386249763
4.34028957095701,3.0583912042816155
4.3313133900013145,3.0373134623202995
4.35118591544241,3.0734746965083164
4.365190011990063,3.065968217283567
4.367207977108398,3.084779741431945
4.398668802165666,3.0580553002240842
4.426814163707367,3.1083509414125907
4.437754273091124,3.08487175011847
4.4192583312739195,3.0615827374031754
4.460690393164739,3.036161745983959
4.436353787730646,3.0961679107500206
4.484796395799074,3.1102423164115436
4.4418571635705195,3.072362109768736
4.458217935328388,3.127362586810024
4.494474674608653,3.1255677605675634
4.48351288511404,3.127511041509529
4.543977619301622,3.1089646129050026
4.524982668434726,3.1981421271281554
4.5541443787238,3.1422034483445613
4.566578431120861,3.139992441850726
4.555984025573264,3.2160137946504297
4.623428038195647,3.1242625174679937
4.596876708378878,3.2432370255074114
4.569602330593645,3.1997343274925587
4.6411273772011965,3.184042132631972
4.6205788057619195,3.201954896830376
4.560448748557435,3.2257942249385434
4.622836987234353,3.2493456113784758
4.700036675244442,3.2505491009521887
4.636986804980643,3.253006505348793
4.663136532156092,3.2777674015031986
4.6216202018813295,3.2189982161357
4.613056967686946,3.2817922656596723
4.684190077920457,3.252446473874754
4.6725072301949195,3.2619628087186507
4.675832872453469,3.278977291448646
4.695255610006015,3.3373016499533166
4.727983241223761,3.280238462092994
4.713409131881112,3.3516373603093648
4.750736739638803,3.334961419133093
4.76849652609037,3.3806122749918943
4.717701329415985,3.322270368653694
4.708770889181959,3.367966118999705
4.760493254364263,3.344245668013231
4.756005590840999,3.392717908565365
4.783451981295979,3.3692159155546877
4.832203052172094,3.361167409229969
4.762586960507454,3.4797256995092067
4.797892411913817,3.3961929327266667
4.795466384530977,3.4165136409916093
4.846269141512428,3.4557119498082476
4.847056146037767,3.43447602919893
4.793944884748339,3.4626265654412776
4.888601599944451,3.495954163757028
4.845525767551065,3.4962039446337347
4.846092092918786,3.4813194984357874
4.827810352917888,3.4862787192632743
4.874261707752503,3.5009508232216877
4.898643498888113,3.5756567939794914
4.922462245096242,3.519081477236042
4.865547053446655,3.521302224645979
4.864887850279917,3.5524852668375377
4.912359097501672,3.569940584059476
4.9104009354566145,3.579070226114203
4.906967617527039,3.5635656568175698
4.9681283378902705,3.6275119049595452
4.891637022870189,3.581854140775442
4.907976071923321,3.6218933248793683
4.967347610127175,3.6622116415462806
4.966025829999175,3.6769439588988315
4.971978724557831,3.6764200672131757
4.957775182019082,3.6633946759671954
4.8946080394741385,3.675594455021725
5.0047633842109605,3.674475795684002
4.934807870803829,3.7347193911447696
4.960746700295548,3.7012302363630103
5.0087315574110525,3.745159564661984
4.987128231753909,3.7212933373356405
4.983167057064322,3.76260129937022
4.995402466684774,3.7972535142064103
5.009682448182862,3.780450853238025
4.997651531884621,3.7525190480146233
5.001147781054863,3.821603077675265
4.971609636969378,3.7895849822899965
4.983663218531824,3.788881709950707
4.99750147404805,3.847032998247142
4.9602941092270685,3.848904232280978
5.02186638747376,3.8941320884510113
5.022369794110675,3.8699178430947927
4.9835363578756215,3.876107775854714
5.012903885856965,3.970708528907967
5.039839692014153,3.96025396327988
5.039677196266537,3.8775995194320956
4.992564635779777,3.922360969748484
5.0372500327230485,3.999345608997579
4.978710102730328,3.964694493299732
5.014441891086377,3.9616715021852453
4.980995756450413,3.966300870678827
4.326827095645674,3.9738583177577516
4.335473828271666,4.0072581645379906
4.3249121214737505,4.052524813359183
4.280023748005745,3.9862067874659397
4.313769297951845,3.9844686794754725
4.278662132382929,4.015369787756354
4.304113449173567,3.9871117512371335
4.288250238032331,4.044442161743616
4.339206815482554,3.9722365549179615
4.338798894718941,4.05960378469478
4.264146807518478,3.992373608455609
4.307364213326703,4.028181792771947
4.3008532705679015,4.072234126731274
4.285858627993461,4.0555078893306415
4.31068362319856,4.078277314502902
4.346831852176215,4.106916476742581
4.301765813177674,4.0503672570538685
4.363486696210267,4.084034630621575
4.30586829127212,4.0331476227681105
4.314060885239281,4.048659058615508
4.2758957061639284,4.036047879291077
4.27513838160569,4.078788868216854
4.242641581517024,4.054310731058141
4.283825786090336,4.048543903704168
4.24994490719063,4.065666118944131
4.243482086491148,4.110530071336573
4.252225843383532,4.118216248250411
4.311769275802164,4.064431160140361
4.281676686800318,4.090373293874711
4.245945570458454,4.09582276530551
4.271677986869754,4.13089501271102
4.310248678541121,4.082222299559219
4.263975652567654,4.1334738608548305
4.31075451323315,4.047024750895509
4.311196206230097,4.1192958156635635
4.317868875056114,4.115540217926375
4.2436196192481965,4.133510194685079
4.3032157302985805,4.135729831860473
4.1953360940829665,4.158339896438947
4.215557739691268,4.110235646278313
4.228475060940254,4.090032455587458
4.224646153601333,4.1187557486198925
4.241380333026632,4.149694194685157
4.246987534073788,4.109938280526583
4.250646177332861,4.186856392568729
4.2807006892590795,4.165743621869462
4.270222541495654,4.190312007809977
4.290613366633972,4.216743701943471
4.237428881275799,4.162932330764276
4.28889710839585,4.219722678847924
4.289110921783352,4.105743100958018
4.233378395985486,4.082134857891642
4.259939294725691,4.183790488064268
4.238251443084644,4.181153556170757
4.270783793306282,4.1783892182511
4.263458525295915,4.209138689840185
4.2399575799280464,4.206647598345128
4.229874461061291,4.165479719366679
4.2443264799624005,4.219929382085578
4.216588318621848,4.223802101765915
4.245124908429982,4.16648904430483
4.21256772815923,4.19567046399872
4.186995603050411,4.2206577405759935
4.186710412297091,4.199959273794106
4.215575138278043,4.225330654732326
4.213047970768493,4.286700159261667
4.186580235025093,4.228784725710555
4.163312090242192,4.238634383779316
4.231957456301473,4.26249434123901
4.1735916835925355,4.219835313498464
4.228942867929119,4.229009230476394
4.21717451663928,4.204653530412849
4.226304815286871,4.267839162751345
4.196150795626009,4.214429854035314
4.1768858553004256,4.243585077459578
4.1842546241531124,4.240322806932077
4.168724194437421,4.2507206701175555
4.212319891127669,4.18658466243463
4.1252327783477645,4.199718003400337
4.143890927237489,4.198179181152806
4.176963733403377,4.256330317061816
4.149902011198882,4.234216316048688
4.1568307384468,4.26285353878831
4.161366915881717,4.2378991412870635
4.166739896849545,4.216976089855832
4.183156294701048,4.169645057880207
4.123531843398536,4.229044045446338
4.161207428224586,4.222244288645271
4.188144399692204,4.221561324796328
4.192025321747974,4.281357516811987
4.128296697076737,4.283274555266558
4.189331104418167,4.300615932205333
4.055740853888132,4.310129834188456
4.124232153165499,4.225750949815547
4.137646497690466,4.240995967848131
4.117342513316529,4.285963652352072
4.0878820437002625,4.300353036515467
4.073376336439784,4.287776846587359
4.0839364551986295,4.277781319046617
4.154929785287751,4.286704622854661
4.060661094021895,4.280105640847896
4.066537813895046,4.286619185731297
4.0905062061608,4.291460678452482
4.083924958968597,4.270739766394138
4.091303512116913,4.322211306043241
4.055364639201959,4.2872991858109755
4.072966249357424,4.327775316243631
4.100964324187298,4.270537546556134
4.064840044729395,4.247517806051672
4.030346259833131,4.294137180419418
4.074140646709232,4.322135470092266
4.0431293430292,4.254884668891324
4.0617138575881295,4.291640894821958
4.057456618678225,4.299904411094774
4.063111453086328,4.317293046236509
4.060608198360661,4.28420509624068
4.063574934598105,4.283748340920753
4.033136875142679,4.351990274991365
4.0364496903811515,4.264721709309546
4.065694509560704,4.327959297763501
4.053505322250226,4.305037574925038
4.025338258975649,4.292149988164156
3.9921009471739963,4.344630322749191
3.995913682175944,4.2845810575689915
3.9903090927733524,4.355078455574268
4.025965278717961,4.289093975042202
3.9949602391934027,4.315978167940028
4.017012402181222,4.251252238764128
4.017148271816721,4.293989636909898
3.9649742978900475,4.288020098229867
4.004693038373574,4.35326652137873
3.9814820098900494,4.314486488351924
3.94973570159315,4.31368243550074
3.9949259299881854,4.253757415938424
3.950340184247632,4.321898792022587
3.909467065517332,4.286723803881753
3.9770229716829912,4.247183643662561
3.942611546520051,4.298340493044355
3.9775944381728805,4.258117282717322
3.9803573786190247,4.304209277573058
3.979334415025212,4.3293904464084765
3.9490280760900025,4.307855681861771
3.883282464101153,4.25370339008894
3.902923768749349,4.282654492902028
3.9578263041355135,4.239220290359037
3.9157432310425975,4.250426253337975
3.871482106387474,4.333698635161816
3.919607743341035,4.340081440515343
3.9504228208112333,4.260941898595921
3.856913125367719,4.347069694395356
3.8963380804639187,4.251668145351501
3.9242495217461943,4.288523170800204
3.8796659528150172,4.272133736412239
3.9010241269341193,4.2835150829089885
3.9174587536633356,4.268800828888046
3.8795021157370315,4.2963801918789795
3.894549688248168,4.309534710121594
3.8760330484895364,4.27190859314982
3.8452722291446646,4.319118211978669
3.831886701745927,4.278165201993416
3.8448905466164938,4.282234858601932
3.8921965660984195,4.22162723584128
3.860060926126642,4.215249656131291
3.9030355083226804,4.252761001646819
3.8114993242114483,4.24421691236458
3.895687942625352,4.3073518165193345
3.8906485148876753,4.239487254271637
3.8433184603769526,4.305536691686587
3.823549535113785,4.244835796915332
3.814498078912562,4.219229546058796
3.8759353798704326,4.272646960398084
3.8486344726294193,4.269378829111267
3.865901716079142,4.293971960406179
3.829837586091518,4.236806345738979
3.794549384946695,4.277037279688816
3.807907503850982,4.198312334384396
3.8098810423743723,4.243177383873182
3.8419384093181814,4.266000792295618
3.7926902939555456,4.214059795150085
3.804242453709363,4.198212698052789
3.805695544485683,4.2446429136678825
3.80755687081995,4.180790277465501
3.768034660013889,4.264791517007096
3.770028485466698,4.246379549302158
3.8157965158938785,4.212034280090168
3.7660903277638997,4.225748046250322
3.765859507080957,4.20978370059236
3.7939349800337454,4.192533558893407
3.7807750238760938,4.200853599146362
3.7459513962758795,4.202050504274532
3.761773582592786,4.151403095429986
3.7682492457595576,4.193640156209103
3.757724658070713,4.138226804672794
3.797482269488572,4.217779246067071
3.790643594952185,4.203937401740776
3.7303968730739148,4.1936681852911715
3.740111908724878,4.254395517643245
3.749870949062287,4.205544592883262
3.7153040908297874,4.149198581873828
3.7424358439619145,4.199384476796556
3.773156334551279,4.186016205502968
3.6987792002095965,4.206772626308187
3.724320615471403,4.218322650044827
3.8058936197739386,4.193543256885225
3.7786707102570647,4.125929661110633
3.8244672116684892,4.168070339271674
3.7751604941529004,4.131922173131239
3.7399213268362534,4.117809427168758
3.7339628406062535,4.15132036329095
3.7486144251496247,4.1892443027931385
3.7518083830309887,4.151602758573739
3.7361300599085756,4.203378987640977
3.718907543067348,4.173978225726444
3.6733622543705198,4.10643724434474
3.741926749593457,4.128176350514216
3.8196832378997567,4.2054866144342204
3.68074386205279,4.09307766510506
3.7208589754241097,4.174637582074907
3.759068317725593,4.12640425967639
3.6794981721064337,4.088935554211749
3.639154173213446,4.064244943239965
3.733303480470797,4.130333348400152
3.680226935219441,4.1064346550103155
3.764708130882333,4.104971730137365
3.706520172333555,4.115944690459982
3.7317712196455464,4.096049224321279
3.6979258358387277,4.076822476999793
3.71617718821555,4.0703853275933914
3.7514782070714565,4.106513014756501
3.7426087810611106,4.139279287519116
3.7564657723823354,4.117668227637477
3.7195501020927146,4.065628744147123
3.777047168081904,4.048631098450935
3.685793335039813,4.037831265950403
3.710827278684215,4.073973360343539
3.7364076061285707,4.049422817649037
3.6534518267888845,4.062887154065008
3.732756482022043,4.049984493831205
3.6995967616807786,4.0618269767226405
3.7449772973641062,4.040004773936713
3.6585990409350524,4.021371419003504
3.6972823376344452,3.9790560504904464
3.724704756009604,4.008142330570977
3.716062791403779,4.032031496609966
3.690394967833938,4.071625552134485
3.6839549508057594,3.9960491665170514
3.709230794303733,4.040294280304588
3.700019866803483,3.9799818045415964
3.7208252999803655,4.0265678705915695
3.762011648971333,3.9964145755232363
3.7070069126571807,3.9825878436072455
3.655861111953166,3.9983411880631294
3.7274338368103073,3.9607653962933878
3.6814163362358125,3.9534863868501664
3.7406366858064506,3.964736067558913
3.7168573284243798,3.9550319837401293
3.703788058763078,3.959514477106475
3.630200943756525,3.9772760220961225
3.718880904725263,3.9088237295720636
3.695283567029166,3.952952530796102
3.6696467042280787,3.9539137398528554
3.6462146510965523,3.966679219628303
3.739034524548916,3.918655604086535
3.7027811169417792,3.993103013840177
3.708987425020892,3.933303973872185
3.6775628000111067,3.9489952586967916
3.7029223002929057,3.956401289853132
3.6604048595614764,3.9687878936960397
3.69525801586034,3.9538870802062194
3.688937423028076,3.8908413597284204
3.692274175757759,3.897840417189545
3.6995414608379464,3.9415956230483955
3.7427496449182227,3.9225475397045897
3.6975669628652126,3.898603705797878
3.7304490784920494,3.9439201028536885
3.7043037663213667,3.9031533374723186
3.6927697355347058,3.908920915123198
3.7449215436373655,3.8121819542406237
3.7246929309301606,3.8808751093016474
3.6496099097128303,3.9039578704713436
3.717938028291835,3.898955032040022
3.6814243566196936,3.949119657652065
3.726319700292242,3.872202663006343
3.7702995028264086,3.8984999732026955
3.75166617164546,3.908230871334059
3.666423238868244,3.9252985546988475
3.7188777888148907,3.878143482299785
3.7595157347151553,3.8444829128885933
3.742886243596863,3.883087424261503
3.7350989411354485,3.8739310534799953
3.689562457891827,3.8185384814374705
3.7049419632578773,3.863832334297968
3.8541042796610734,3.85709945142313
3.7377061165373147,3.8437813394106732
3.7755292344621307,3.864302889075808
3.712492259396201,3.8691840572581784
3.7475609402228827,3.860834033576906
3.6912574695199,3.783887737976504
3.7698194883783964,3.7765371669654964
3.768528938461998,3.836691952123674
3.761926722493611,3.836879170508197
3.7660600827506507,3.834161719864471
3.7485366929054975,3.8146124063353217
3.851515691004787,3.8502924877217737
3.7842976238531474,3.8227293081045395
3.7474702735141387,3.8144472167638535
3.7647286929823056,3.834224812885442
3.747272692577805,3.7334279191955195
3.759944870217291,3.8230569949735034
3.8516173530856777,3.8277762045095707
3.753050157819955,3.7882866416452243
3.756582239060595,3.7865327615891
3.7577511997728643,3.7392312517810025
3.802002596662601,3.7919039593148756
3.7864486456393798,3.794153622276146
3.854890855280176,3.7847635515412623
3.78706542144407,3.805802900630259
3.7513954331760986,3.796888617413244
3.779854282805898,3.749704402549796
3.808006908677971,3.8218160061887945
3.7844226798433915,3.7988031499054267
3.822128909146715,3.7243471795709135
3.841328454310709,3.7389520273805887
3.7726445172134238,3.7381641886167447
3.796762626996934,3.7767224391376826
3.8002219817099507,3.8014993277478326
3.832944486299052,3.732868628192143
3.8051067955604645,3.7591053010763043
3.77152921009039,3.684483780412411
3.809304459351146,3.767016018385171
3.844547471272692,3.7465620298571705
3.835954825402408,3.6786280929953454
3.8370689552441557,3.688135516281393
3.8731788673881953,3.741504134629386
3.8496742019594805,3.7512107469439844
3.8638637822834214,3.7440178985573684
3.870360087505722,3.716540284477731
3.822762497744719,3.7444331440559098
3.909826625173272,3.7619371993077975
3.8625380145038077,3.748423029530536
3.8589358139370105,3.7401647152224973
3.8562004856332033,3.7310535910008507
3.939502632098538,3.749575223673712
3.9288593962967386,3.6999172808588883
3.862784193509749,3.7206146058967002
3.9079605450717017,3.714946313249993
3.9226717171325305,3.7029685249070234
3.937870155916922,3.7479677939974856
3.8658806874487075,3.7354996479568503
3.896841803199935,3.7478038589510723
3.891957730117177,3.724964288376751
3.927074647745568,3.630633175477031
3.859839611939639,3.716105737069495
3.914356425582948,3.741481478913684
3.9291552722053593,3.673404744659154
3.9346377582179333,3.686673777453045
3.9216698485162436,3.6923770604050037
3.942784875962968,3.663936286965365
3.9032766506946293,3.6408338765703014
4.006023471326251,3.675196134438742
3.9179002392897933,3.6680124745799807
3.9269053422937046,3.6921785911845726
3.969045877367507,3.7096016365069464
3.963442253265069,3.68643509462858
3.956935389560784,3.7403730331597167
3.9617376122161563,3.7120444892204465
3.904199821551359,3.7178019635699324
3.977273565069346,3.7401941442119138
3.8919750543924545,3.7010337138559244
3.9739883922768473,3.7010230690457955
3.961433539271783,3.704574614986676
4.006323914675689,3.7016627806628777
3.979811393269475,3.6941501388911058
3.979781383649289,3.700803537256373
3.9743289497690806,3.6389618736610325
4.041905506214537,3.64729285941326
3.998466184925597,3.6601435989365423
3.9991938008354624,3.6703777180734347
4.009072352367725,3.673791843716226
3.975926607069201,3.7075999118513217
4.058337408665924,3.709035794041588
4.0251770706976115,3.668666189039591
4.0226790492414555,3.7151302579073495
4.009497388534918,3.7291718472400675
4.032170297877886,3.711200187864672
4.021965391740825,3.6869403320222274
4.045312285647534,3.713101110878489
4.0546721986135505,3.671766759036019
4.026742936380585,3.7024551177084764
3.996318052268545,3.7355141217663297
4.064515501473708,3.703979797174283
4.035289357983183,3.730992103834714
4.054523809257231,3.762226146113868
4.078231862991745,3.6604406350491563
4.092694989627,3.6934895876176657
4.056524211216165,3.6997637121662317
4.072559574244839,3.7163599860695022
4.102659674654542,3.7227034288205942
4.061894635071729,3.671472309921138
4.061580239968542,3.7200252277936126
4.116607213807776,3.7673436441325383
4.05376292831314,3.7149690428977435
4.090889778468767,3.704881996727744
4.107348269525537,3.7113078814904426
4.096554722051849,3.699416304336607
4.120107533900686,3.75020037288103
4.162259928879895,3.706115277592541
4.0834624911633295,3.716496752183234
4.095209784278637,3.7548043716405846
4.098387952087859,3.727061168481738
4.085028092737068,3.7177713979531544
4.134397078082996,3.7729650214679618
4.112074859586461,3.740875509786521
4.073536741416132,3.6955028380305577
4.11505001869406,3.7186715591944997
4.155058937282626,3.755349965965616
4.098285105715399,3.7528504970509267
4.115099505573715,3.792918339175027
4.1613770686692835,3.7440480657174064
4.150161937817733,3.741675268834828
4.157675133664419,3.724544614045521
4.18407586636178,3.7559008215554925
4.187408181024701,3.747704514260282
4.187235638730281,3.726943281660021
4.276506769516429,3.7324590329220984
4.162240658607501,3.783596508102074
4.214163043699934,3.73505512041619
4.130418987183535,3.717647041772455
4.152992791510974,3.7383736302301047
4.182959768876558,3.7948689482550484
4.2214599332890765,3.7495627791716766
4.206582485718743,3.7956668005759497
4.237592526893693,3.7697441716498776
4.174557677629486,3.797896608090477
4.246466129412799,3.759865419836909
4.261674373000267,3.8308554105473123
4.199440734432085,3.735914662547679
4.191334856895462,3.7747817191137636
4.227011154108825,3.737705517791127
4.288386032248845,3.8603675045166397
4.197617651570521,3.73523216645714
4.2136030915719935,3.8065945098060463
4.2631758201411,3.820320175328184
4.218512504397985,3.741289591500444
4.24239772657923,3.829117364329538
4.218526510886462,3.8155724508640185
4.236566221637197,3.8004035191178183
4.200464587153668,3.820907820493019
4.193662055983128,3.858084546751063
4.210841491105826,3.8326848552958688
4.220392322071936,3.832540518305309
4.237598333006433,3.8416852304869207
4.2218711339797315,3.77846593303993
4.237583495522735,3.8201457616869288
4.203912443795178,3.813466275375545
4.202318096412667,3.8387456675360894
4.239851813716682,3.842402859598721
4.331538658046291,3.848600883104602
4.267363381832369,3.864958110481661
4.2556016081703145,3.8333595020819717
4.287221079214887,3.8831870488374576
4.175411829470291,3.850992320591158
4.254187292001198,3.8417020548618526
4.303239198090094,3.846938599309391
4.294629558820639,3.849535778156785
4.26046584677242,3.892076048735063
4.2490361550696,3.86784691389712
4.240443036058808,3.850503750317229
4.294972492807779,3.8982314116111287
4.242450486057234,3.8486059296079453
4.353068104089792,3.868299912309183
4.251987043719921,3.9061517948001963
4.255529177848918,3.882449942439968
4.306555441301896,3.925721523684612
4.275299442311474,3.941920008582411
4.277655677618918,3.896299136634776
4.282606880869084,3.8996230493818413
4.30278753662617,3.9205146665547215
4.263413946833671,3.921063764918842
4.271952937958891,3.902024949587329
4.2845050041127815,3.9541059860516583
4.295975723345684,3.963703974123811
4.336856390363211,3.9296084625999694
4.271755334129562,3.911457625776114
4.299122245095382,3.9644451238237894
4.339664456175128,3.903289653858431
4.320857349697108,3.976969059584917
4.366852769594527,3.954416634433747
4.293470176427599,3.9089508128337163
4.27125143690983,3.923794593341678
4.265135917137756,3.93345231606844
4.251134211327502,3.962169540720464
4.310072173197956,3.989695728845433
4.294955343721261,4.0030758104608495
4.32880908806018,3.9302291705313652
4.289550433019538,3.9415716437347332
4.2691734624190465,3.9899200240050896
4.295012250960363,4.03102254795213
4.36055131713281,4.003967961555792
4.293515937654522,3.989093119707716
4.001108554712211,1.1911595098101908
3.7104559307498013,3.33975115238345
2.8839336969355855,2.977270239587138
3.9871172432542057,2.0400029211473814
3.6216385357920817,2.6168855792515844
3.5188646371230963,3.1095299948314388
2.482668821204328,2.1448371618500572
3.5091280187782536,3.00022160666418
3.7593194214973273,3.6638550611981504
3.3520525397783962,3.7494809479112314
4.635891080246831,2.5341816277090956
5.740117305285176,2.722560729478022
4.296682217711403,3.035499533877569
4.707503661851888,3.8482211645119158
5.8228157631182365,3.162998557229935
4.430769029498893,4.208623607540431
5.542729625488087,3.5025207738494366
3.0992788285833113,1.4161778906780398
3.8628749896219947,4.023033487768843
5.29757901208005,2.346982590815772
4.675271167432186,3.537045100576965
4.031958116966699,2.992022937654033
4.918145896297482,3.92478416978027
4.380509466440241,3.0466083329982503
4.516367487237908,3.1420198682435303
3.644760541653896,1.3463386245255649
4.2087770012272205,4.36799210387652
4.328411075968445,3.025106245674682
3.5017752335205063,2.604517749330227
1.9082232264595325,4.284387554242411
3.917412259378469,3.5612770464949026
6.455182652300008,3.2397255006685035
1.3278899958280599,3.4798991141340485
3.0867207194132535,3.0617529527631295
3.7726856427554214,1.929487692399522
4.269315376961019,1.7267899735580645
5.130461256776684,3.920076118794411
5.042397447463961,4.054918509251546
5.3038104430805415,3.540288051342589
5.389400732361839,3.309063516719066
3.3435474224747006,3.9708612012765263
3.943742704122568,4.15472409804346
3.500097380393387,3.422608808655506
4.436419380960794,3.9992089344118913
3.62418695310906,3.8835202316414317
3.076938417148721,2.469800819296028
5.9172502421556965,3.814134817634485
3.849697158196386,1.9801158223275208
3.3612702441025166,0.7417630723093747
4.82477033050214,3.6799548914645004
2.7891612560455883,2.59823523943804
3.496594623073116,4.9403205648413016
3.2980843067070693,1.7555953126577348
2.025728974876465,3.9393098916922886
1.344267834970291,2.759192090125496
3.9423177512218017,3.270807245422799
3.343813413888117,1.9044603706065337
3.338293287246625,5.401342973229559
4.769348438624386,2.72009025714965
3.100995107765233,5.030800795434995
5.693637921468914,2.918060532536737
2.3026647609918216,1.781373585247109
1.2066297949647993,2.1931295036823903
3.7738493493433407,4.3180418919020696
4.397428840616085,2.4213613413077457
5.65970361696307,3.0820524990265294
3.5062531860941477,4.395910490846684
3.623902315645489,4.081879627862758
3.830260230361335,1.9834390742357915
6.4171063234742585,2.7080016956198594
